Workbook
Name _______________________SET87: '[1]000000'!$C$5:$P$50
Name ______________________SET87: '[2]000000'!$C$5:$P$50
Name _____________________SET87: '[2]000000'!$C$5:$P$50
Name ____________________SET87: '[2]000000'!$C$5:$P$50
Name ___________________\a: #REF!
Name ___________________SET87: '[2]000000'!$C$5:$P$50
Name __________________SET87: '[2]000000'!$C$5:$P$50
Name _________________\a: #REF!
Name _________________SET87: '[2]000000'!$C$5:$P$50
Name ________________\a: #REF!
Name ________________SET87: '[2]000000'!$C$5:$P$50
Name _______________\a: #REF!
Name _______________DAF1: [3]Sheet3!$II$7944
Name _______________SET87: '[2]000000'!$C$5:$P$50
Name ______________\a: #REF!
Name ______________DAF1: [3]Sheet3!$II$7944
Name ______________SET87: '[2]000000'!$C$5:$P$50
Name _____________DAF1: [3]Sheet3!$II$7944
Name _____________SET87: '[2]000000'!$C$5:$P$50
Name ____________\a: #REF!
Name ____________DAF1: [3]Sheet3!$II$7944
Name ____________SET87: '[4]000000'!$C$5:$P$50
Name ___________\a: #REF!
Name ___________DAF1: [3]Sheet3!$II$7944
Name ___________SET87: '[4]000000'!$C$5:$P$50
Name __________DAF1: [3]Sheet3!$II$7944
Name __________SET87: '[4]000000'!$C$5:$P$50
Name _________\a: #REF!
Name _________DAF1: [3]Sheet3!$II$7944
Name _________SET87: '[4]000000'!$C$5:$P$50
Name ________\a: #REF!
Name ________BAT48100: '[5]HARGA SATUAN'!$B$13
Name ________DAF1: [3]Sheet3!$II$7944
Name ________la150: '[5]HARGA SATUAN'!$B$25
Name ________pmt7040: '[5]HARGA SATUAN'!$B$8
Name ________SET87: '[4]000000'!$C$5:$P$50
Name _______\a: #REF!
Name _______BAT48100: '[5]HARGA SATUAN'!$B$13
Name _______DAF1: [3]Sheet3!$II$7944
Name _______la150: '[5]HARGA SATUAN'!$B$25
Name _______pmt7040: '[5]HARGA SATUAN'!$B$8
Name _______SET87: '[4]000000'!$C$5:$P$50
Name ______\a: #REF!
Name ______BAT48100: '[5]HARGA SATUAN'!$B$13
Name ______DAF1: [3]Sheet3!$II$7944
Name ______la150: '[5]HARGA SATUAN'!$B$25
Name ______pmt7040: '[5]HARGA SATUAN'!$B$8
Name ______SET87: '[4]000000'!$C$5:$P$50
Name _____\a: #REF!
Name _____BAT48100: '[5]HARGA SATUAN'!$B$13
Name _____DAF1: [7]Sheet3!$II$7944
Name _____la150: '[5]HARGA SATUAN'!$B$25
Name _____pmt7040: '[5]HARGA SATUAN'!$B$8
Name _____SET87: '[4]000000'!$C$5:$P$50
Name _____TCU1: [8]Assumptions!$E$13
Name _____TCU2: [8]Assumptions!$F$13
Name ____\a: #REF!
Name ____BAT48100: '[5]HARGA SATUAN'!$B$13
Name ____DAF1: [3]Sheet3!$II$7944
Name ____la150: '[5]HARGA SATUAN'!$B$25

Sheet  TRAFO 80% no print  
B2: BEBAN TRAFO GARDU INDUK DISTRIBUSI JABAR & BANTEN
A7: LAMPIRAN XIII.1
A8: BEBAN TRAFO GARDU INDUK ≥ 80% UNIT INDUK DISTRIBUSI JAWA BARAT
A9: APRIL 2022
A11: N0 | B11: UP3 | C11: GI | D11: TRF | E11: DAYA | F11: TGN | G11: I-NOM | H11: April | L11: KETERANGAN
H12: Siang | J12: Malam
F13: (kV) | H13: A | I13: % | J13: A | K13: % | Z13: A | AA13: % | AB13: TEG | AC13: TANGGAL | AD13: SIANG/MALAM
A14: 1 | B14: BEKASI | C14: BKASI | D14: 1 | E14: 60 | F14: 150/20 | G14: 1732 | H14: 1297.4959 | I14: 74.913158 | J14: 1413.2721 | K14: 81.597694 | L14: Kawaasan industri & umum Bekasi | O14: =IF(I14>=80,"B","K") -> K | P14: =IF(K14>=80,"B","K") -> B | R14: =(H14/G14)*100 -> 74.913158 | S14: =J14/G14*100 -> 81.597694 | U14: =IF(R14=I14,"BETUL","salah") -> BETUL | V14: =IF(K14=S14,"BETUL","SALAH") -> BETUL | W14: =IF(I14>80,"CEK KEMBALI","OKE") -> OKE | X14: =IF(K14>80,"CEK KEMBALI","OKE") -> CEK KEMBALI | Z14: =MAX(H14,J14) -> 1413.2721 | AA14: =MAX(I14,K14) -> 81.597694 | AB14: =IF(Z14=H14,#REF!,#REF!) -> #REF! | AC14: =IF(Z14=H14,#REF!,#REF!) -> #REF! | AD14: =IF(Z14=H14,"Siang","Malam") -> Malam
A15: 2 | B15: CIKARANG | C15: CBATU | D15: 2 | E15: 60 | F15: 150/20 | G15: 1732 | H15: 1460.3447 | I15: 84.315513 | J15: 1466.1169 | K15: 84.64878 | L15: Wilayah Umum Cibatu,Sukamanah, Cicau | O15: =IF(I15>=80,"B","K") -> B | P15: =IF(K15>=80,"B","K") -> B | R15: =(H15/G15)*100 -> 84.315513 | S15: =J15/G15*100 -> 84.64878 | U15: =IF(R15=I15,"BETUL","salah") -> BETUL | V15: =IF(K15=S15,"BETUL","SALAH") -> BETUL | W15: =IF(I15>80,"CEK KEMBALI","OKE") -> CEK KEMBALI | X15: =IF(K15>80,"CEK KEMBALI","OKE") -> CEK KEMBALI | Z15: =MAX(H15,J15) -> 1466.1169 | AA15: =MAX(I15,K15) -> 84.64878 | AB15: =IF(Z15=H15,#REF!,#REF!) -> #REF! | AC15: =IF(Z15=H15,#REF!,#REF!) -> #REF! | AD15: =IF(Z15=H15,"Siang","Malam") -> Malam
A16: 3 | B16: CIKARANG | C16: GDMKR | D16: 2 | E16: 60 | F16: 150/20 | G16: 1732 | H16: 1564.3778 | I16: 90.322047 | J16: 1429.3363 | K16: 82.525188 | L16: Kawasan industri dan Cikarang Bekasi | O16: =IF(I16>=80,"B","K") -> B | P16: =IF(K16>=80,"B","K") -> B | R16: =(H16/G16)*100 -> 90.322047 | S16: =J16/G16*100 -> 82.525188 | U16: =IF(R16=I16,"BETUL","salah") -> BETUL | V16: =IF(K16=S16,"BETUL","SALAH") -> BETUL | W16: =IF(I16>80,"CEK KEMBALI","OKE") -> CEK KEMBALI | X16: =IF(K16>80,"CEK KEMBALI","OKE") -> CEK KEMBALI | Z16: =MAX(H16,J16) -> 1564.3778 | AA16: =MAX(I16,K16) -> 90.322047 | AB16: =IF(Z16=H16,#REF!,#REF!) -> #REF! | AC16: =IF(Z16=H16,#REF!,#REF!) -> #REF! | AD16: =IF(Z16=H16,"Siang","Malam") -> Siang
A17: 4 | B17: CIKARANG | C17: GDMKR | D17: 3 | E17: 60 | F17: 150/20 | G17: 1732 | H17: 1633.315 | I17: 94.302251 | J17: 1390.0004 | K17: 80.254067 | L17: Kawasan industri dan Cikarang Bekasi | O17: =IF(I17>=80,"B","K") -> B | P17: =IF(K17>=80,"B","K") -> B | R17: =(H17/G17)*100 -> 94.302251 | S17: =J17/G17*100 -> 80.254067 | U17: =IF(R17=I17,"BETUL","salah") -> BETUL | V17: =IF(K17=S17,"BETUL","SALAH") -> BETUL | W17: =IF(I17>80,"CEK KEMBALI","OKE") -> CEK KEMBALI | X17: =IF(K17>80,"CEK KEMBALI","OKE") -> CEK KEMBALI | Z17: =MAX(H17,J17) -> 1633.315 | AA17: =MAX(I17,K17) -> 94.302251 | AB17: =IF(Z17=H17,#REF!,#REF!) -> #REF! | AC17: =IF(Z17=H17,#REF!,#REF!) -> #REF! | AD17: =IF(Z17=H17,"Siang","Malam") -> Siang
A18: 5 | B18: CIKARANG | C18: JBBKA | D18: 2 | E18: 60 | F18: 150/20 | G18: 1732 | H18: 1404.3032 | I18: 81.07986 | J18: 1203.5715 | K18: 69.490271 | L18: Kawasan industri Jababeka Bekasi | O18: =IF(I18>=80,"B","K") -> B | P18: =IF(K18>=80,"B","K") -> K | R18: =(H18/G18)*100 -> 81.07986 | S18: =J18/G18*100 -> 69.490271 | U18: =IF(R18=I18,"BETUL","salah") -> BETUL | V18: =IF(K18=S18,"BETUL","SALAH") -> BETUL | W18: =IF(I18>80,"CEK KEMBALI","OKE") -> CEK KEMBALI | X18: =IF(K18>80,"CEK KEMBALI","OKE") -> OKE | Z18: =MAX(H18,J18) -> 1404.3032 | AA18: =MAX(I18,K18) -> 81.07986 | AB18: =IF(Z18=H18,#REF!,#REF!) -> #REF! | AC18: =IF(Z18=H18,#REF!,#REF!) -> #REF! | AD18: =IF(Z18=H18,"Siang","Malam") -> Siang
A19: 6 | B19: CIKARANG | C19: JBBKA | D19: 3 | E19: 60 | F19: 150/20 | G19: 1732 | H19: 1443.179 | I19: 83.324422 | J19: 317.17751 | K19: 18.312789 | L19: Kawasan industri Jababeka Bekasi | O19: =IF(I19>=80,"B","K") -> B | P19: =IF(K19>=80,"B","K") -> K | R19: =(H19/G19)*100 -> 83.324422 | S19: =J19/G19*100 -> 18.312789 | U19: =IF(R19=I19,"BETUL","salah") -> BETUL | V19: =IF(K19=S19,"BETUL","SALAH") -> BETUL | W19: =IF(I19>80,"CEK KEMBALI","OKE") -> CEK KEMBALI | X19: =IF(K19>80,"CEK KEMBALI","OKE") -> OKE | Z19: =MAX(H19,J19) -> 1443.179 | AA19: =MAX(I19,K19) -> 83.324422 | AB19: =IF(Z19=H19,#REF!,#REF!) -> #REF! | AC19: =IF(Z19=H19,#REF!,#REF!) -> #REF! | AD19: =IF(Z19=H19,"Siang","Malam") -> Siang
A20: 7 | B20: CIKARANG | C20: JBBKA | D20: 4 | E20: 60 | F20: 150/20 | G20: 1732 | H20: 1436.2874 | I20: 82.926522 | J20: 1314.3207 | K20: 75.884568 | L20: Kawasan industri Jababeka Bekasi | O20: =IF(I20>=80,"B","K") -> B | P20: =IF(K20>=80,"B","K") -> K | R20: =(H20/G20)*100 -> 82.926522 | S20: =J20/G20*100 -> 75.884568 | U20: =IF(R20=I20,"BETUL","salah") -> BETUL | V20: =IF(K20=S20,"BETUL","SALAH") -> BETUL | W20: =IF(I20>80,"CEK KEMBALI","OKE") -> CEK KEMBALI | X20: =IF(K20>80,"CEK KEMBALI","OKE") -> OKE | Z20: =MAX(H20,J20) -> 1436.2874 | AA20: =MAX(I20,K20) -> 82.926522 | AB20: =IF(Z20=H20,#REF!,#REF!) -> #REF! | AC20: =IF(Z20=H20,#REF!,#REF!) -> #REF! | AD20: =IF(Z20=H20,"Siang","Malam") -> Siang
A21: 8 | B21: BEKASI | C21: PCBRU | D21: 1 | E21: 60 | F21: 150/20 | G21: 1732 | H21: 1568.1989 | I21: 90.542661 | J21: 1440.3797 | K21: 83.162799 | L21: Wilayah Kalimalang, Margahayu dan Bulak Kapal | O21: =IF(I21>=80,"B","K") -> B | P21: =IF(K21>=80,"B","K") -> B | R21: =(H21/G21)*100 -> 90.542661 | S21: =J21/G21*100 -> 83.162799 | U21: =IF(R21=I21,"BETUL","salah") -> BETUL | V21: =IF(K21=S21,"BETUL","SALAH") -> BETUL | W21: =IF(I21>80,"CEK KEMBALI","OKE") -> CEK KEMBALI | X21: =IF(K21>80,"CEK KEMBALI","OKE") -> CEK KEMBALI | Z21: =MAX(H21,J21) -> 1568.1989 | AA21: =MAX(I21,K21) -> 90.542661 | AB21: =IF(Z21=H21,#REF!,#REF!) -> #REF! | AC21: =IF(Z21=H21,#REF!,#REF!) -> #REF! | AD21: =IF(Z21=H21,"Siang","Malam") -> Siang
A22: 9 | B22: BEKASI | C22: PCBRU | D22: 3 | E22: 60 | F22: 150/20 | G22: 1732 | H22: 1443.6778 | I22: 83.35322 | J22: 1442.9189 | K22: 83.309408 | L22: Wilayah Bekasi kota, Kejaksaan, Polres | O22: =IF(I22>=80,"B","K") -> B | P22: =IF(K22>=80,"B","K") -> B | R22: =(H22/G22)*100 -> 83.35322 | S22: =J22/G22*100 -> 83.309408 | U22: =IF(R22=I22,"BETUL","salah") -> BETUL | V22: =IF(K22=S22,"BETUL","SALAH") -> BETUL | W22: =IF(I22>80,"CEK KEMBALI","OKE") -> CEK KEMBALI | X22: =IF(K22>80,"CEK KEMBALI","OKE") -> CEK KEMBALI | Z22: =MAX(H22,J22) -> 1443.6778 | AA22: =MAX(I22,K22) -> 83.35322 | AB22: =IF(Z22=H22,#REF!,#REF!) -> #REF! | AC22: =IF(Z22=H22,#REF!,#REF!) -> #REF! | AD22: =IF(Z22=H22,"Siang","Malam") -> Siang
A23: 10 | B23: BEKASI | C23: TMBUN | D23: 2 | E23: 60 | F23: 150/20 | G23: 1732 | H23: 1447.7187 | I23: 83.586528 | J23: 1379.9654 | K23: 79.674677 | L23: Wilayah Kota Legenda dan Bekasi Timur | O23: =IF(I23>=80,"B","K") -> B | P23: =IF(K23>=80,"B","K") -> K | R23: =(H23/G23)*100 -> 83.586528 | S23: =J23/G23*100 -> 79.674677 | U23: =IF(R23=I23,"BETUL","salah") -> BETUL | V23: =IF(K23=S23,"BETUL","SALAH") -> BETUL | W23: =IF(I23>80,"CEK KEMBALI","OKE") -> CEK KEMBALI | X23: =IF(K23>80,"CEK KEMBALI","OKE") -> OKE | Z23: =MAX(H23,J23) -> 1447.7187 | AA23: =MAX(I23,K23) -> 83.586528 | AB23: =IF(Z23=H23,#REF!,#REF!) -> #REF! | AC23: =IF(Z23=H23,#REF!,#REF!) -> #REF! | AD23: =IF(Z23=H23,"Siang","Malam") -> Siang
A24: 11 | B24: BEKASI | C24: TMBUN | D24: 3 | E24: 60 | F24: 150/20 | G24: 1732 | H24: 1405.2771 | I24: 81.136089 | J24: 1381.557 | K24: 79.766573 | L24: Wilayah Kota Legenda dan Bekasi Timur | O24: =IF(I24>=80,"B","K") -> B | P24: =IF(K24>=80,"B","K") -> K | R24: =(H24/G24)*100 -> 81.136089 | S24: =J24/G24*100 -> 79.766573 | U24: =IF(R24=I24,"BETUL","salah") -> BETUL | V24: =IF(K24=S24,"BETUL","SALAH") -> BETUL | W24: =IF(I24>80,"CEK KEMBALI","OKE") -> CEK KEMBALI | X24: =IF(K24>80,"CEK KEMBALI","OKE") -> OKE | Z24: =MAX(H24,J24) -> 1405.2771 | AA24: =MAX(I24,K24) -> 81.136089 | AB24: =IF(Z24=H24,#REF!,#REF!) -> #REF! | AC24: =IF(Z24=H24,#REF!,#REF!) -> #REF! | AD24: =IF(Z24=H24,"Siang","Malam") -> Siang
A25: 12 | B25: BEKASI | C25: TMBUN | D25: 5 | E25: 60 | F25: 150/20 | G25: 1732 | H25: 1408.4894 | I25: 81.32156 | J25: 1414.1236 | K25: 81.64686 | L25: Wilayah Kota Legenda dan Bekasi Timur | O25: =IF(I25>=80,"B","K") -> B | P25: =IF(K25>=80,"B","K") -> B | R25: =(H25/G25)*100 -> 81.32156 | S25: =J25/G25*100 -> 81.64686 | U25: =IF(R25=I25,"BETUL","salah") -> BETUL | V25: =IF(K25=S25,"BETUL","SALAH") -> BETUL | W25: =IF(I25>80,"CEK KEMBALI","OKE") -> CEK KEMBALI | X25: =IF(K25>80,"CEK KEMBALI","OKE") -> CEK KEMBALI | Z25: =MAX(H25,J25) -> 1414.1236 | AA25: =MAX(I25,K25) -> 81.64686 | AB25: =IF(Z25=H25,#REF!,#REF!) -> #REF! | AC25: =IF(Z25=H25,#REF!,#REF!) -> #REF! | AD25: =IF(Z25=H25,"Siang","Malam") -> Malam
... A52: 39 | B52: SUMEDANG | C52: PRKAN | D52: 3 | E52: 10 | F52: 70/20 | G52: 288 | H52: 241.75886 | I52: 83.944047 | J52: 237.1976 | K52: 82.360278 | L52: Parakan kondang, Cijeungjing | O52: =IF(I52>=80,"B","K") -> B | P52: =IF(K52>=80,"B","K") -> B | R52: =(H52/G52)*100 -> 83.944047 | S52: =J52/G52*100 -> 82.360278 | U52: =IF(R52=I52,"BETUL","salah") -> BETUL | V52: =IF(K52=S52,"BETUL","SALAH") -> BETUL | W52: =IF(I52>80,"CEK KEMBALI","OKE") -> CEK KEMBALI | X52: =IF(K52>80,"CEK KEMBALI","OKE") -> CEK KEMBALI | Z52: =MAX(H52,J52) -> 241.75886 | AA52: =MAX(I52,K52) -> 83.944047 | AB52: =IF(Z52=H52,#REF!,#REF!) -> #REF! | AC52: =IF(Z52=H52,#REF!,#REF!) -> #REF! | AD52: =IF(Z52=H52,"Siang","Malam") -> Siang
A53: 40 | B53: SUMEDANG | C53: NUBRG | D53: 3 | E53: 60 | F53: 150/20 | G53: 1732 | H53: 1590.301 | I53: 91.818764 | J53: 670.04476 | K53: 38.686187 | O53: =IF(I53>=80,"B","K") -> B | P53: =IF(K53>=80,"B","K") -> K | R53: =(H53/G53)*100 -> 91.818764 | S53: =J53/G53*100 -> 38.686187 | U53: =IF(R53=I53,"BETUL","salah") -> BETUL | V53: =IF(K53=S53,"BETUL","SALAH") -> BETUL | W53: =IF(I53>80,"CEK KEMBALI","OKE") -> CEK KEMBALI | X53: =IF(K53>80,"CEK KEMBALI","OKE") -> OKE | Z53: =MAX(H53,J53) -> 1590.301 | AA53: =MAX(I53,K53) -> 91.818764 | AB53: =IF(Z53=H53,#REF!,#REF!) -> #REF! | AC53: =IF(Z53=H53,#REF!,#REF!) -> #REF! | AD53: =IF(Z53=H53,"Siang","Malam") -> Siang
A54: 41 | B54: TASIKMALAYA | C54: MLBNG | D54: 2 | E54: 30 | F54: 70/20 | G54: 866 | H54: 755.49908 | I54: 87.240079 | J54: 825.70795 | K54: 95.347338 | L54: Wilayah Umum Malambong,Tasik, | O54: =IF(I54>=80,"B","K") -> B | P54: =IF(K54>=80,"B","K") -> B | R54: =(H54/G54)*100 -> 87.240079 | S54: =J54/G54*100 -> 95.347338 | U54: =IF(R54=I54,"BETUL","salah") -> BETUL | V54: =IF(K54=S54,"BETUL","SALAH") -> BETUL | W54: =IF(I54>80,"CEK KEMBALI","OKE") -> CEK KEMBALI | X54: =IF(K54>80,"CEK KEMBALI","OKE") -> CEK KEMBALI | Z54: =MAX(H54,J54) -> 825.70795 | AA54: =MAX(I54,K54) -> 95.347338 | AB54: =IF(Z54=H54,#REF!,#REF!) -> #REF! | AC54: =IF(Z54=H54,#REF!,#REF!) -> #REF! | AD54: =IF(Z54=H54,"Siang","Malam") -> Malam
A55: 42 | B55: TASIKMALAYA | C55: MLBNG | D55: 3 | E55: 20 | F55: 70/20 | G55: 577 | H55: 461.38427 | I55: 79.962611 | J55: 522.75462 | K55: 90.598721 | L55: Wilayah Umum Malambong, Tasik, | O55: =IF(I55>=80,"B","K") -> K | P55: =IF(K55>=80,"B","K") -> B | R55: =(H55/G55)*100 -> 79.962611 | S55: =J55/G55*100 -> 90.598721 | U55: =IF(R55=I55,"BETUL","salah") -> BETUL | V55: =IF(K55=S55,"BETUL","SALAH") -> BETUL | W55: =IF(I55>80,"CEK KEMBALI","OKE") -> OKE | X55: =IF(K55>80,"CEK KEMBALI","OKE") -> CEK KEMBALI | Z55: =MAX(H55,J55) -> 522.75462 | AA55: =MAX(I55,K55) -> 90.598721 | AB55: =IF(Z55=H55,#REF!,#REF!) -> #REF! | AC55: =IF(Z55=H55,#REF!,#REF!) -> #REF! | AD55: =IF(Z55=H55,"Siang","Malam") -> Malam
A56: 43 | B56: TASIKMALAYA | C56: TSBRU | D56: 1 | E56: 30 | F56: 150/20 | G56: 866 | H56: 844.21712 | I56: 97.484656 | J56: 477.79404 | K56: 55.172522 | L56: Wilayah Umum Tasikmalaya | O56: =IF(I56>=80,"B","K") -> B | P56: =IF(K56>=80,"B","K") -> K | R56: =(H56/G56)*100 -> 97.484656 | S56: =J56/G56*100 -> 55.172522 | U56: =IF(R56=I56,"BETUL","salah") -> BETUL | V56: =IF(K56=S56,"BETUL","SALAH") -> BETUL | W56: =IF(I56>80,"CEK KEMBALI","OKE") -> CEK KEMBALI | X56: =IF(K56>80,"CEK KEMBALI","OKE") -> OKE | Z56: =MAX(H56,J56) -> 844.21712 | AA56: =MAX(I56,K56) -> 97.484656 | AB56: =IF(Z56=H56,#REF!,#REF!) -> #REF! | AC56: =IF(Z56=H56,#REF!,#REF!) -> #REF! | AD56: =IF(Z56=H56,"Siang","Malam") -> Siang

Sheet  TRAFO 30% no print
B2: BEBAN TRAFO GARDU INDUK DISTRIBUSI JABAR & BANTEN
A7: LAMPIRAN XIII.1
A8: BEBAN TRAFO GARDU INDUK < 30% DISTRIBUSI JAWA BARAT
A9: =' TRAFO 80% no print '!A9:K9 -> APRIL 2022
A11: N0 | B11: UP3 | C11: GI | D11: TRF | E11: DAYA | F11: TGN | G11: I-NOM | H11: April | L11: KETERANGAN
H12: Siang | J12: Malam
F13: (kV) | H13: A | I13: % | J13: A | K13: % | Z13: A | AA13: % | AB13: TEG | AC13: TANGGAL | AD13: SIANG/MALAM
A14: 1 | B14: BANDUNG | C14: BRAGA | D14: 2 | E14: 60 | F14: 150/20 | G14: 1732 | H14: 708.46141 | I14: 40.904238 | J14: 507.56437 | K14: 29.305102 | O14: =IF(I14>=80,"B","K") -> K | P14: K | R14: =(H14/G14)*100 -> 40.904238 | S14: =J14/G14*100 -> 29.305102 | U14: =IF(R14=I14,"BETUL","salah") -> BETUL | V14: =IF(K14=S14,"BETUL","SALAH") -> BETUL | W14: =IF(I14>80,"CEK KEMBALI","OKE") -> OKE | X14: =IF(K14>80,"CEK KEMBALI","OKE") -> OKE | Z14: =MIN(H14,J14) -> 507.56437 | AA14: =MIN(I14,K14) -> 29.305102 | AB14: =IF(Z14=H14,#REF!,#REF!) -> #REF! | AC14: =IF(Z14=H14,#REF!,#REF!) -> #REF! | AD14: =IF(Z14=H14,"Siang","Malam") -> Malam
A15: 2 | B15: BANDUNG | C15: DGPKR | D15: 1 | E15: 60 | F15: 150/20 | G15: 1732 | H15: 440.67873 | I15: 25.443345 | J15: 457.51828 | K15: 26.415605 | O15: =IF(I15>=80,"B","K") -> K | P15: K | R15: =(H15/G15)*100 -> 25.443345 | S15: =J15/G15*100 -> 26.415605 | U15: =IF(R15=I15,"BETUL","salah") -> BETUL | V15: =IF(K15=S15,"BETUL","SALAH") -> BETUL | W15: =IF(I15>80,"CEK KEMBALI","OKE") -> OKE | X15: =IF(K15>80,"CEK KEMBALI","OKE") -> OKE | Z15: =MIN(H15,J15) -> 440.67873 | AA15: =MIN(I15,K15) -> 25.443345 | AB15: =IF(Z15=H15,#REF!,#REF!) -> #REF! | AC15: =IF(Z15=H15,#REF!,#REF!) -> #REF! | AD15: =IF(Z15=H15,"Siang","Malam") -> Siang
A16: 3 | B16: BANDUNG | C16: UBRNG | D16: 6 | E16: 60 | F16: 150/20 | G16: 1732 | H16: 577.26754 | I16: 33.329534 | J16: 458.69184 | K16: 26.483363 | O16: =IF(I16>=80,"B","K") -> K | P16: K | R16: =(H16/G16)*100 -> 33.329534 | S16: =J16/G16*100 -> 26.483363 | U16: =IF(R16=I16,"BETUL","salah") -> BETUL | V16: =IF(K16=S16,"BETUL","SALAH") -> BETUL | W16: =IF(I16>80,"CEK KEMBALI","OKE") -> OKE | X16: =IF(K16>80,"CEK KEMBALI","OKE") -> OKE | Z16: =MIN(H16,J16) -> 458.69184 | AA16: =MIN(I16,K16) -> 26.483363 | AB16: =IF(Z16=H16,#REF!,#REF!) -> #REF! | AC16: =IF(Z16=H16,#REF!,#REF!) -> #REF! | AD16: =IF(Z16=H16,"Siang","Malam") -> Malam
A17: 4 | B17: BANDUNG | C17: UBRNG | D17: 7 | E17: 60 | F17: 150/20 | G17: 1732 | H17: 291.70409 | I17: 16.842038 | J17: 274.54292 | K17: 15.851208 | O17: =IF(I17>=80,"B","K") -> K | P17: K | R17: =(H17/G17)*100 -> 16.842038 | S17: =J17/G17*100 -> 15.851208 | U17: =IF(R17=I17,"BETUL","salah") -> BETUL | V17: =IF(K17=S17,"BETUL","SALAH") -> BETUL | W17: =IF(I17>80,"CEK KEMBALI","OKE") -> OKE | X17: =IF(K17>80,"CEK KEMBALI","OKE") -> OKE | Z17: =MIN(H17,J17) -> 274.54292 | AA17: =MIN(I17,K17) -> 15.851208 | AB17: =IF(Z17=H17,#REF!,#REF!) -> #REF! | AC17: =IF(Z17=H17,#REF!,#REF!) -> #REF! | AD17: =IF(Z17=H17,"Siang","Malam") -> Malam
A18: 5 | B18: BANDUNG | C18: GDBGE | D18: 1 | E18: 60 | F18: 150/20 | G18: 1732 | H18: 442.54146 | I18: 25.550893 | J18: 420.0743 | K18: 24.253712 | O18: =IF(I18>=80,"B","K") -> K | P18: K | R18: =(H18/G18)*100 -> 25.550893 | S18: =J18/G18*100 -> 24.253712 | U18: =IF(R18=I18,"BETUL","salah") -> BETUL | V18: =IF(K18=S18,"BETUL","SALAH") -> BETUL | W18: =IF(I18>80,"CEK KEMBALI","OKE") -> OKE | X18: =IF(K18>80,"CEK KEMBALI","OKE") -> OKE | Z18: =MIN(H18,J18) -> 420.0743 | AA18: =MIN(I18,K18) -> 24.253712 | AB18: =IF(Z18=H18,#REF!,#REF!) -> #REF! | AC18: =IF(Z18=H18,#REF!,#REF!) -> #REF! | AD18: =IF(Z18=H18,"Siang","Malam") -> Malam
A19: 6 | B19: BANDUNG | C19: GDBGE | D19: 2 | E19: 60 | F19: 150/20 | G19: 1732 | H19: 486.28374 | I19: 28.076429 | J19: 385.73621 | K19: 22.271144 | O19: =IF(I19>=80,"B","K") -> K | P19: K | R19: =(H19/G19)*100 -> 28.076429 | S19: =J19/G19*100 -> 22.271144 | U19: =IF(R19=I19,"BETUL","salah") -> BETUL | V19: =IF(K19=S19,"BETUL","SALAH") -> BETUL | W19: =IF(I19>80,"CEK KEMBALI","OKE") -> OKE | X19: =IF(K19>80,"CEK KEMBALI","OKE") -> OKE | Z19: =MIN(H19,J19) -> 385.73621 | AA19: =MIN(I19,K19) -> 22.271144 | AB19: =IF(Z19=H19,#REF!,#REF!) -> #REF! | AC19: =IF(Z19=H19,#REF!,#REF!) -> #REF! | AD19: =IF(Z19=H19,"Siang","Malam") -> Malam
A20: 7 | B20: CIKARANG | C20: CIKRG | D20: 1 | E20: 60 | F20: 150/20 | G20: 1732 | H20: 313.55333 | I20: 18.103541 | J20: 244.01333 | K20: 14.08853 | O20: =IF(I20>=80,"B","K") -> K | P20: K | R20: =(H20/G20)*100 -> 18.103541 | S20: =J20/G20*100 -> 14.08853 | U20: =IF(R20=I20,"BETUL","salah") -> BETUL | V20: =IF(K20=S20,"BETUL","SALAH") -> BETUL | W20: =IF(I20>80,"CEK KEMBALI","OKE") -> OKE | X20: =IF(K20>80,"CEK KEMBALI","OKE") -> OKE | Z20: =MIN(H20,J20) -> 244.01333 | AA20: =MIN(I20,K20) -> 14.08853 | AB20: =IF(Z20=H20,#REF!,#REF!) -> #REF! | AC20: =IF(Z20=H20,#REF!,#REF!) -> #REF! | AD20: =IF(Z20=H20,"Siang","Malam") -> Malam
A21: 8 | B21: CIKARANG | C21: LIPPO | D21: 2 | E21: 60 | F21: 150/20 | G21: 1732 | H21: 448.71241 | I21: 25.907183 | J21: 417.37669 | K21: 24.097961 | O21: =IF(I21>=80,"B","K") -> K | P21: K | R21: =(H21/G21)*100 -> 25.907183 | S21: =J21/G21*100 -> 24.097961 | U21: =IF(R21=I21,"BETUL","salah") -> BETUL | V21: =IF(K21=S21,"BETUL","SALAH") -> BETUL | W21: =IF(I21>80,"CEK KEMBALI","OKE") -> OKE | X21: =IF(K21>80,"CEK KEMBALI","OKE") -> OKE | Z21: =MIN(H21,J21) -> 417.37669 | AA21: =MIN(I21,K21) -> 24.097961 | AB21: =IF(Z21=H21,#REF!,#REF!) -> #REF! | AC21: =IF(Z21=H21,#REF!,#REF!) -> #REF! | AD21: =IF(Z21=H21,"Siang","Malam") -> Malam
A22: 9 | B22: CIKARANG | C22: JBBKA | D22: 3 | E22: 60 | F22: 150/20 | G22: 1732 | H22: 1443.179 | I22: 83.324422 | J22: 317.17751 | K22: 18.312789 | O22: =IF(I22>=80,"B","K") -> B | P22: K | R22: =(H22/G22)*100 -> 83.324422 | S22: =J22/G22*100 -> 18.312789 | U22: =IF(R22=I22,"BETUL","salah") -> BETUL | V22: =IF(K22=S22,"BETUL","SALAH") -> BETUL | W22: =IF(I22>80,"CEK KEMBALI","OKE") -> CEK KEMBALI | X22: =IF(K22>80,"CEK KEMBALI","OKE") -> OKE | Z22: =MIN(H22,J22) -> 317.17751 | AA22: =MIN(I22,K22) -> 18.312789 | AB22: =IF(Z22=H22,#REF!,#REF!) -> #REF! | AC22: =IF(Z22=H22,#REF!,#REF!) -> #REF! | AD22: =IF(Z22=H22,"Siang","Malam") -> Malam
A23: 10 | B23: BEKASI | C23: NPCLR | D23: 1 | E23: 60 | F23: 150/20 | G23: 1732 | H23: 0 | I23: 0 | J23: 0 | K23: 0 | O23: =IF(I23>=80,"B","K") -> K | P23: K | R23: =(H23/G23)*100 -> 0 | S23: =J23/G23*100 -> 0 | U23: =IF(R23=I23,"BETUL","salah") -> BETUL | V23: =IF(K23=S23,"BETUL","SALAH") -> BETUL | W23: =IF(I23>80,"CEK KEMBALI","OKE") -> OKE | X23: =IF(K23>80,"CEK KEMBALI","OKE") -> OKE | Z23: =MIN(H23,J23) -> 0 | AA23: =MIN(I23,K23) -> 0 | AB23: =IF(Z23=H23,#REF!,#REF!) -> #REF! | AC23: =IF(Z23=H23,#REF!,#REF!) -> #REF! | AD23: =IF(Z23=H23,"Siang","Malam") -> Siang
A24: 11 | B24: BEKASI | C24: NPCLR | D24: 2 | E24: 60 | F24: 150/20 | G24: 1732 | H24: 0 | I24: 0 | J24: 0 | K24: 0 | Z24: =MIN(H24,J24) -> 0 | AA24: =MIN(I24,K24) -> 0 | AB24: =IF(Z24=H24,#REF!,#REF!) -> #REF! | AC24: =IF(Z24=H24,#REF!,#REF!) -> #REF! | AD24: =IF(Z24=H24,"Siang","Malam") -> Siang
A25: 12 | B25: BEKASI | C25: NTMBN | D25: 2 | E25: 60 | F25: 150/20 | G25: 1732 | H25: 301.5279 | I25: 17.409232 | J25: 292.05193 | K25: 16.862121 | O25: =IF(I25>=80,"B","K") -> K | P25: =IF(K25>=80,"B","K") -> K | R25: =(H25/G25)*100 -> 17.409232 | S25: =J25/G25*100 -> 16.862121 | U25: =IF(R25=I25,"BETUL","salah") -> BETUL | V25: =IF(K25=S25,"BETUL","SALAH") -> BETUL | W25: =IF(I25>80,"CEK KEMBALI","OKE") -> OKE | X25: =IF(K25>80,"CEK KEMBALI","OKE") -> OKE | Z25: =MIN(H25,J25) -> 292.05193 | AA25: =MIN(I25,K25) -> 16.862121 | AB25: =IF(Z25=H25,#REF!,#REF!) -> #REF! | AC25: =IF(Z25=H25,#REF!,#REF!) -> #REF! | AD25: =IF(Z25=H25,"Siang","Malam") -> Malam
A26: 13 | B26: BEKASI | C26: SMRCN | D26: 2 | E26: 60 | F26: 150/20 | G26: 1732 | H26: 261.1384 | I26: 15.077275 | J26: 189.90957 | K26: 10.964756 | O26: =IF(I26>=80,"B","K") -> K | P26: =IF(K26>=80,"B","K") -> K | R26: =(H26/G26)*100 -> 15.077275 | S26: =J26/G26*100 -> 10.964756 | U26: =IF(R26=I26,"BETUL","salah") -> BETUL | V26: =IF(K26=S26,"BETUL","SALAH") -> BETUL | W26: =IF(I26>80,"CEK KEMBALI","OKE") -> OKE | X26: =IF(K26>80,"CEK KEMBALI","OKE") -> OKE | Z26: =MIN(H26,J26) -> 189.90957 | AA26: =MIN(I26,K26) -> 10.964756 | AB26: =IF(Z26=H26,#REF!,#REF!) -> #REF! | AC26: =IF(Z26=H26,#REF!,#REF!) -> #REF! | AD26: =IF(Z26=H26,"Siang","Malam") -> Malam
A27: 14 | B27: CIKARANG | C27: DLTMS | D27: 1 | E27: 60 | F27: 150/20 | G27: 1732 | H27: 670.41602 | I27: 38.707622 | J27: 503.15815 | K27: 29.050702 | O27: =IF(I27>=80,"B","K") -> K | P27: =IF(K27>=80,"B","K") -> K | R27: =(H27/G27)*100 -> 38.707622 | S27: =J27/G27*100 -> 29.050702 | U27: =IF(R27=I27,"BETUL","salah") -> BETUL | V27: =IF(K27=S27,"BETUL","SALAH") -> BETUL | W27: =IF(I27>80,"CEK KEMBALI","OKE") -> OKE | X27: =IF(K27>80,"CEK KEMBALI","OKE") -> OKE | Z27: =MIN(H27,J27) -> 503.15815 | AA27: =MIN(I27,K27) -> 29.050702 | AB27: =IF(Z27=H27,#REF!,#REF!) -> #REF! | AC27: =IF(Z27=H27,#REF!,#REF!) -> #REF! | AD27: =IF(Z27=H27,"Siang","Malam") -> Malam
A28: 15 | B28: CIKARANG | C28: DLTMS | D28: 2 | E28: 60 | F28: 150/20 | G28: 1732 | H28: 624.1795 | I28: 36.038078 | J28: 440.39302 | K28: 25.426848 | O28: =IF(I28>=80,"B","K") -> K | P28: =IF(K28>=80,"B","K") -> K | R28: =(H28/G28)*100 -> 36.038078 | S28: =J28/G28*100 -> 25.426848 | U28: =IF(R28=I28,"BETUL","salah") -> BETUL | V28: =IF(K28=S28,"BETUL","SALAH") -> BETUL | W28: =IF(I28>80,"CEK KEMBALI","OKE") -> OKE | X28: =IF(K28>80,"CEK KEMBALI","OKE") -> OKE | Z28: =MIN(H28,J28) -> 440.39302 | AA28: =MIN(I28,K28) -> 25.426848 | AB28: =IF(Z28=H28,#REF!,#REF!) -> #REF! | AC28: =IF(Z28=H28,#REF!,#REF!) -> #REF! | AD28: =IF(Z28=H28,"Siang","Malam") -> Malam
A29: 16 | B29: BOGOR | C29: KTLPA | D29: 1 | E29: 60 | F29: 150/20 | G29: 1732 | H29: 486.32005 | I29: 28.078525 | J29: 535.00128 | K29: 30.88922 | O29: =IF(I29>=80,"B","K") -> K | P29: =IF(K29>=80,"B","K") -> K | R29: =(H29/G29)*100 -> 28.078525 | S29: =J29/G29*100 -> 30.88922 | U29: =IF(R29=I29,"BETUL","salah") -> BETUL | V29: =IF(K29=S29,"BETUL","SALAH") -> BETUL | W29: =IF(I29>80,"CEK KEMBALI","OKE") -> OKE | X29: =IF(K29>80,"CEK KEMBALI","OKE") -> OKE | Z29: =MIN(H29,J29) -> 486.32005 | AA29: =MIN(I29,K29) -> 28.078525 | AB29: =IF(Z29=H29,#REF!,#REF!) -> #REF! | AC29: =IF(Z29=H29,#REF!,#REF!) -> #REF! | AD29: =IF(Z29=H29,"Siang","Malam") -> Siang
A30: 17 | B30: BOGOR | C30: KTLPA | D30: 2 | E30: 60 | F30: 150/20 | G30: 1732 | H30: 176.2163 | I30: 10.174151 | J30: 203.0981 | K30: 11.726218 | O30: =IF(I30>=80,"B","K") -> K | P30: =IF(K30>=80,"B","K") -> K | R30: =(H30/G30)*100 -> 10.174151 | S30: =J30/G30*100 -> 11.726218 | U30: =IF(R30=I30,"BETUL","salah") -> BETUL | V30: =IF(K30=S30,"BETUL","SALAH") -> BETUL | W30: =IF(I30>80,"CEK KEMBALI","OKE") -> OKE | X30: =IF(K30>80,"CEK KEMBALI","OKE") -> OKE | Z30: =MIN(H30,J30) -> 176.2163 | AA30: =MIN(I30,K30) -> 10.174151 | AB30: =IF(Z30=H30,#REF!,#REF!) -> #REF! | AC30: =IF(Z30=H30,#REF!,#REF!) -> #REF! | AD30: =IF(Z30=H30,"Siang","Malam") -> Siang
A31: 18 | B31: CIMAHI | C31: LGDAR | D31: 1 | E31: 60 | F31: 150/20 | G31: 1732 | H31: 430.52706 | I31: 24.85722 | J31: 451.1521 | K31: 26.048043 | O31: =IF(I31>=80,"B","K") -> K | P31: =IF(K31>=80,"B","K") -> K | R31: =(H31/G31)*100 -> 24.85722 | S31: =J31/G31*100 -> 26.048043 | U31: =IF(R31=I31,"BETUL","salah") -> BETUL | V31: =IF(K31=S31,"BETUL","SALAH") -> BETUL | W31: =IF(I31>80,"CEK KEMBALI","OKE") -> OKE | X31: =IF(K31>80,"CEK KEMBALI","OKE") -> OKE | Z31: =MIN(H31,J31) -> 430.52706 | AA31: =MIN(I31,K31) -> 24.85722 | AB31: =IF(Z31=H31,#REF!,#REF!) -> #REF! | AC31: =IF(Z31=H31,#REF!,#REF!) -> #REF! | AD31: =IF(Z31=H31,"Siang","Malam") -> Siang
A32: 19 | B32: CIREBON | C32: ARJWN | D32: 2 | E32: 30 | F32: 70/20 | G32: 866 | H32: 305.57294 | I32: 35.285559 | J32: 252.4451 | K32: 29.150705 | O32: =IF(I32>=80,"B","K") -> K | P32: =IF(K32>=80,"B","K") -> K | R32: =(H32/G32)*100 -> 35.285559 | S32: =J32/G32*100 -> 29.150705 | U32: =IF(R32=I32,"BETUL","salah") -> BETUL | V32: =IF(K32=S32,"BETUL","SALAH") -> BETUL | W32: =IF(I32>80,"CEK KEMBALI","OKE") -> OKE | X32: =IF(K32>80,"CEK KEMBALI","OKE") -> OKE | Z32: =MIN(H32,J32) -> 252.4451 | AA32: =MIN(I32,K32) -> 29.150705 | AB32: =IF(Z32=H32,#REF!,#REF!) -> #REF! | AC32: =IF(Z32=H32,#REF!,#REF!) -> #REF! | AD32: =IF(Z32=H32,"Siang","Malam") -> Malam
A33: 20 | B33: CIREBON | C33: NARJW | D33: 1 | E33: 60 | F33: 150/20 | G33: 1732 | H33: 416.72638 | I33: 24.060415 | J33: 486.09594 | K33: 28.065585 | O33: =IF(I33>=80,"B","K") -> K | P33: =IF(K33>=80,"B","K") -> K | R33: =(H33/G33)*100 -> 24.060415 | S33: =J33/G33*100 -> 28.065585 | U33: =IF(R33=I33,"BETUL","salah") -> BETUL | V33: =IF(K33=S33,"BETUL","SALAH") -> BETUL | W33: =IF(I33>80,"CEK KEMBALI","OKE") -> OKE | X33: =IF(K33>80,"CEK KEMBALI","OKE") -> OKE | Z33: =MIN(H33,J33) -> 416.72638 | AA33: =MIN(I33,K33) -> 24.060415 | AB33: =IF(Z33=H33,#REF!,#REF!) -> #REF! | AC33: =IF(Z33=H33,#REF!,#REF!) -> #REF! | AD33: =IF(Z33=H33,"Siang","Malam") -> Siang
A34: 21 | B34: INDRAMAYU | C34: CKDNG | D34: 1 | E34: 60 | F34: 150/20 | G34: 1732 | H34: 467.94746 | I34: 27.017752 | J34: 477.86586 | K34: 27.590407 | O34: =IF(I34>=80,"B","K") -> K | P34: =IF(K34>=80,"B","K") -> K | R34: =(H34/G34)*100 -> 27.017752 | S34: =J34/G34*100 -> 27.590407 | U34: =IF(R34=I34,"BETUL","salah") -> BETUL | V34: =IF(K34=S34,"BETUL","SALAH") -> BETUL | W34: =IF(I34>80,"CEK KEMBALI","OKE") -> OKE | X34: =IF(K34>80,"CEK KEMBALI","OKE") -> OKE | Z34: =MIN(H34,J34) -> 467.94746 | AA34: =MIN(I34,K34) -> 27.017752 | AB34: =IF(Z34=H34,#REF!,#REF!) -> #REF! | AC34: =IF(Z34=H34,#REF!,#REF!) -> #REF! | AD34: =IF(Z34=H34,"Siang","Malam") -> Siang
A35: 22 | B35: DEPOK | C35: CMGIS | D35: 4 | E35: 60 | F35: 150/22 | G35: 1573 | H35: 177.834 | I35: 11.305404 | J35: 169.78 | K35: 10.793389 | O35: =IF(I35>=80,"B","K") -> K | P35: =IF(K35>=80,"B","K") -> K | R35: =(H35/G35)*100 -> 11.305404 | S35: =J35/G35*100 -> 10.793389 | U35: =IF(R35=I35,"BETUL","salah") -> BETUL | V35: =IF(K35=S35,"BETUL","SALAH") -> BETUL | W35: =IF(I35>80,"CEK KEMBALI","OKE") -> OKE | X35: =IF(K35>80,"CEK KEMBALI","OKE") -> OKE | Z35: =MIN(H35,J35) -> 169.78 | AA35: =MIN(I35,K35) -> 10.793389 | AB35: =IF(Z35=H35,#REF!,#REF!) -> #REF! | AC35: =IF(Z35=H35,#REF!,#REF!) -> #REF! | AD35: =IF(Z35=H35,"Siang","Malam") -> Malam
A36: 23 | B36: DEPOK | C36: DPBR2 | D36: 3 | E36: 60 | F36: 150/20 | G36: 1732 | H36: 0 | I36: 0 | J36: 0 | K36: 0 | O36: =IF(I36>=80,"B","K") -> K | P36: =IF(K36>=80,"B","K") -> K | R36: =(H36/G36)*100 -> 0 | S36: =J36/G36*100 -> 0 | U36: =IF(R36=I36,"BETUL","salah") -> BETUL | V36: =IF(K36=S36,"BETUL","SALAH") -> BETUL | W36: =IF(I36>80,"CEK KEMBALI","OKE") -> OKE | X36: =IF(K36>80,"CEK KEMBALI","OKE") -> OKE | Z36: =MIN(H36,J36) -> 0 | AA36: =MIN(I36,K36) -> 0 | AB36: =IF(Z36=H36,#REF!,#REF!) -> #REF! | AC36: =IF(Z36=H36,#REF!,#REF!) -> #REF! | AD36: =IF(Z36=H36,"Siang","Malam") -> Siang
... A76: 63 | B76: TASIKMALAYA | C76: TSMYA | D76: 2 | E76: 60 | F76: 150/20 | G76: 1732 | H76: 237.25657 | I76: 13.698416 | J76: 244.46484 | K76: 14.114598 | O76: =IF(I76>=80,"B","K") -> K | P76: =IF(K76>=80,"B","K") -> K | R76: =(H76/G76)*100 -> 13.698416 | S76: =J76/G76*100 -> 14.114598 | U76: =IF(R76=I76,"BETUL","salah") -> BETUL | V76: =IF(K76=S76,"BETUL","SALAH") -> BETUL | W76: =IF(I76>80,"CEK KEMBALI","OKE") -> OKE | X76: =IF(K76>80,"CEK KEMBALI","OKE") -> OKE | Z76: =MIN(H76,J76) -> 237.25657 | AA76: =MIN(I76,K76) -> 13.698416 | AB76: =IF(Z76=H76,#REF!,#REF!) -> #REF! | AC76: =IF(Z76=H76,#REF!,#REF!) -> #REF! | AD76: =IF(Z76=H76,"Siang","Malam") -> Siang

Sheet  TRAFO 0% no print
B2: BEBAN TRAFO GARDU INDUK DISTRIBUSI JABAR & BANTEN
A7: LAMPIRAN XIII.1
A8: BEBAN NOL TRAFO GARDU INDUK DISTRIBUSI JAWA BARAT
A9: =' TRAFO 30% no print'!A9:K9 -> APRIL 2022
A11: N0 | B11: UP3 | C11: GI | D11: TRF | E11: DAYA | F11: TGN | G11: I-NOM | H11: April | L11: KETERANGAN
H12: Siang | J12: Malam
F13: (kV) | H13: A | I13: % | J13: A | K13: % | Z13: A | AA13: % | AB13: TEG | AC13: TANGGAL | AD13: SIANG/MALAM
A14: 1 | B14: BEKASI | C14: NPCLR | D14: 1 | E14: 60 | F14: 150/20 | G14: 1732 | H14: 0 | I14: 0 | J14: 0 | K14: 0 | O14: =IF(I14>=80,"B","K") -> K | P14: =IF(K14>=80,"B","K") -> K | R14: =(H14/G14)*100 -> 0 | S14: =J14/G14*100 -> 0 | U14: =IF(R14=I14,"BETUL","salah") -> BETUL | V14: =IF(K14=S14,"BETUL","SALAH") -> BETUL | W14: =IF(I14>80,"CEK KEMBALI","OKE") -> OKE | X14: =IF(K14>80,"CEK KEMBALI","OKE") -> OKE | Z14: =MAX(H14,J14) -> 0 | AA14: =MAX(I14,K14) -> 0 | AB14: =IF(Z14=H14,#REF!,#REF!) -> #REF! | AC14: =IF(Z14=H14,#REF!,#REF!) -> #REF! | AD14: =IF(Z14=H14,"Siang","Malam") -> Siang
A15: 2 | B15: BEKASI | C15: NPCLR | D15: 2 | E15: 60 | F15: 150/20 | G15: 1732 | H15: 0 | I15: 0 | J15: 0 | K15: 0 | O15: =IF(I15>=80,"B","K") -> K | P15: =IF(K15>=80,"B","K") -> K | R15: =(H15/G15)*100 -> 0 | S15: =J15/G15*100 -> 0 | U15: =IF(R15=I15,"BETUL","salah") -> BETUL | V15: =IF(K15=S15,"BETUL","SALAH") -> BETUL | W15: =IF(I15>80,"CEK KEMBALI","OKE") -> OKE | X15: =IF(K15>80,"CEK KEMBALI","OKE") -> OKE | Z15: =MAX(H15,J15) -> 0 | AA15: =MAX(I15,K15) -> 0 | AB15: =IF(Z15=H15,#REF!,#REF!) -> #REF! | AC15: =IF(Z15=H15,#REF!,#REF!) -> #REF! | AD15: =IF(Z15=H15,"Siang","Malam") -> Siang
A16: 3 | B16: DEPOK | C16: DPBR2 | D16: 3 | E16: 60 | F16: 150/20 | G16: 1732 | H16: 0 | I16: 0 | J16: 0 | K16: 0 | O16: =IF(I16>=80,"B","K") -> K | P16: =IF(K16>=80,"B","K") -> K | R16: =(H16/G16)*100 -> 0 | S16: =J16/G16*100 -> 0 | U16: =IF(R16=I16,"BETUL","salah") -> BETUL | V16: =IF(K16=S16,"BETUL","SALAH") -> BETUL | W16: =IF(I16>80,"CEK KEMBALI","OKE") -> OKE | X16: =IF(K16>80,"CEK KEMBALI","OKE") -> OKE | Z16: =MAX(H16,J16) -> 0 | AA16: =MAX(I16,K16) -> 0 | AB16: =IF(Z16=H16,#REF!,#REF!) -> #REF! | AC16: =IF(Z16=H16,#REF!,#REF!) -> #REF! | AD16: =IF(Z16=H16,"Siang","Malam") -> Siang
A17: 4 | B17: MAJALAYA | C17: CKSKA | D17: 4 | E17: 60 | F17: 150/20 | G17: 1732 | H17: 0 | I17: 0 | J17: 0 | K17: 0 | O17: =IF(I17>=80,"B","K") -> K | P17: =IF(K17>=80,"B","K") -> K | R17: =(H17/G17)*100 -> 0 | S17: =J17/G17*100 -> 0 | U17: =IF(R17=I17,"BETUL","salah") -> BETUL | V17: =IF(K17=S17,"BETUL","SALAH") -> BETUL | W17: =IF(I17>80,"CEK KEMBALI","OKE") -> OKE | X17: =IF(K17>80,"CEK KEMBALI","OKE") -> OKE | Z17: =MAX(H17,J17) -> 0 | AA17: =MAX(I17,K17) -> 0 | AB17: =IF(Z17=H17,#REF!,#REF!) -> #REF! | AC17: =IF(Z17=H17,#REF!,#REF!) -> #REF! | AD17: =IF(Z17=H17,"Siang","Malam") -> Siang
A18: 5 | B18: PURWAKARTA | C18: CRBRU | D18: 4 | E18: 60 | F18: 150/20 | G18: 1732 | H18: 0 | I18: 0 | J18: 0 | K18: 0 | O18: =IF(I18>=80,"B","K") -> K | P18: =IF(K18>=80,"B","K") -> K | R18: =(H18/G18)*100 -> 0 | S18: =J18/G18*100 -> 0 | U18: =IF(R18=I18,"BETUL","salah") -> BETUL | V18: =IF(K18=S18,"BETUL","SALAH") -> BETUL | W18: =IF(I18>80,"CEK KEMBALI","OKE") -> OKE | X18: =IF(K18>80,"CEK KEMBALI","OKE") -> OKE | Z18: =MAX(H18,J18) -> 0 | AA18: =MAX(I18,K18) -> 0 | AB18: =IF(Z18=H18,#REF!,#REF!) -> #REF! | AC18: =IF(Z18=H18,#REF!,#REF!) -> #REF! | AD18: =IF(Z18=H18,"Siang","Malam") -> Siang
A19: 6 | B19: SUKABUMI | C19: PRATU | D19: 1 | E19: 30 | F19: 70/20 | G19: 866 | H19: 0 | I19: 0 | J19: 0 | K19: 0 | O19: =IF(I19>=80,"B","K") -> K | P19: =IF(K19>=80,"B","K") -> K | R19: =(H19/G19)*100 -> 0 | S19: =J19/G19*100 -> 0 | U19: =IF(R19=I19,"BETUL","salah") -> BETUL | V19: =IF(K19=S19,"BETUL","SALAH") -> BETUL | W19: =IF(I19>80,"CEK KEMBALI","OKE") -> OKE | X19: =IF(K19>80,"CEK KEMBALI","OKE") -> OKE | Z19: =MAX(H19,J19) -> 0 | AA19: =MAX(I19,K19) -> 0 | AB19: =IF(Z19=H19,#REF!,#REF!) -> #REF! | AC19: =IF(Z19=H19,#REF!,#REF!) -> #REF! | AD19: =IF(Z19=H19,"Siang","Malam") -> Siang
A20: 7 | B20: SUMEDANG | C20: SMDNG | D20: 1 | E20: 10 | F20: 70/20 | G20: 288 | H20: 0 | I20: 0 | J20: 0 | K20: 0 | O20: =IF(I20>=80,"B","K") -> K | P20: =IF(K20>=80,"B","K") -> K | R20: =(H20/G20)*100 -> 0 | S20: =J20/G20*100 -> 0 | U20: =IF(R20=I20,"BETUL","salah") -> BETUL | V20: =IF(K20=S20,"BETUL","SALAH") -> BETUL | W20: =IF(I20>80,"CEK KEMBALI","OKE") -> OKE | X20: =IF(K20>80,"CEK KEMBALI","OKE") -> OKE | Z20: =MAX(H20,J20) -> 0 | AA20: =MAX(I20,K20) -> 0 | AB20: =IF(Z20=H20,#REF!,#REF!) -> #REF! | AC20: =IF(Z20=H20,#REF!,#REF!) -> #REF! | AD20: =IF(Z20=H20,"Siang","Malam") -> Siang

Sheet  TRAFO 80% PRINT
B2: BEBAN TRAFO GARDU INDUK DISTRIBUSI JABAR & BANTEN
A6: LAMPIRAN XI.1
A8: BEBAN TRAFO GARDU INDUK ≥ 80% UNIT INDUK DISTRIBUSI JAWA BARAT
A9: APRIL 2022
A11: N0 | B11: UP3 | C11: GI | D11: TRF | E11: DAYA | F11: TGN | G11: I-NOM | H11: April | K11: KETERANGAN
H12: Beban | J12: Siang
F13: (kV) | H13: A | I13: % | J13: Malam
A14: 1 | B14: =' TRAFO 80% no print '!B14 -> BEKASI | C14: =' TRAFO 80% no print '!C14 -> BKASI | D14: =' TRAFO 80% no print '!D14 -> 1 | E14: =' TRAFO 80% no print '!E14 -> 60 | F14: =' TRAFO 80% no print '!F14 -> 150/20 | G14: =' TRAFO 80% no print '!G14 -> 1732 | H14: =' TRAFO 80% no print '!Z14 -> 1413.2721 | I14: =' TRAFO 80% no print '!AA14 -> 81.597694 | J14: =' TRAFO 80% no print '!AD14 -> Malam | K14: =' TRAFO 80% no print '!L14 -> Kawaasan industri & umum Bekasi | N14: =IF(#REF!>=80,"B","K") -> #REF! | O14: =IF(#REF!>=80,"B","K") -> #REF! | Q14: =(#REF!/G14)*100 -> #REF! | R14: =#REF!/G14*100 -> #REF! | T14: =IF(Q14=#REF!,"BETUL","salah") -> #REF! | U14: =IF(#REF!=R14,"BETUL","SALAH") -> #REF! | V14: =IF(#REF!>80,"CEK KEMBALI","OKE") -> #REF! | W14: =IF(#REF!>80,"CEK KEMBALI","OKE") -> #REF!
A15: 2 | B15: =' TRAFO 80% no print '!B15 -> CIKARANG | C15: =' TRAFO 80% no print '!C15 -> CBATU | D15: =' TRAFO 80% no print '!D15 -> 2 | E15: =' TRAFO 80% no print '!E15 -> 60 | F15: =' TRAFO 80% no print '!F15 -> 150/20 | G15: =' TRAFO 80% no print '!G15 -> 1732 | H15: =' TRAFO 80% no print '!Z15 -> 1466.1169 | I15: =' TRAFO 80% no print '!AA15 -> 84.64878 | J15: =' TRAFO 80% no print '!AD15 -> Malam | K15: =' TRAFO 80% no print '!L15 -> Wilayah Umum Cibatu,Sukamanah, Cicau | N15: =IF(#REF!>=80,"B","K") -> #REF! | O15: =IF(#REF!>=80,"B","K") -> #REF! | Q15: =(#REF!/G15)*100 -> #REF! | R15: =#REF!/G15*100 -> #REF! | T15: #REF! | U15: =IF(#REF!=R15,"BETUL","SALAH") -> #REF! | V15: =IF(#REF!>80,"CEK KEMBALI","OKE") -> #REF! | W15: =IF(#REF!>80,"CEK KEMBALI","OKE") -> #REF!
A16: 3 | B16: =' TRAFO 80% no print '!B16 -> CIKARANG | C16: =' TRAFO 80% no print '!C16 -> GDMKR | D16: =' TRAFO 80% no print '!D16 -> 2 | E16: =' TRAFO 80% no print '!E16 -> 60 | F16: =' TRAFO 80% no print '!F16 -> 150/20 | G16: =' TRAFO 80% no print '!G16 -> 1732 | H16: =' TRAFO 80% no print '!Z16 -> 1564.3778 | I16: =' TRAFO 80% no print '!AA16 -> 90.322047 | J16: =' TRAFO 80% no print '!AD16 -> Siang | K16: =' TRAFO 80% no print '!L16 -> Kawasan industri dan Cikarang Bekasi | N16: =IF(#REF!>=80,"B","K") -> #REF! | O16: =IF(#REF!>=80,"B","K") -> #REF! | Q16: =(#REF!/G16)*100 -> #REF! | R16: =#REF!/G16*100 -> #REF! | T16: =IF(Q16=#REF!,"BETUL","salah") -> #REF! | U16: #REF! | V16: =IF(#REF!>80,"CEK KEMBALI","OKE") -> #REF! | W16: =IF(#REF!>80,"CEK KEMBALI","OKE") -> #REF!
A17: 4 | B17: =' TRAFO 80% no print '!B17 -> CIKARANG | C17: =' TRAFO 80% no print '!C17 -> GDMKR | D17: =' TRAFO 80% no print '!D17 -> 3 | E17: =' TRAFO 80% no print '!E17 -> 60 | F17: =' TRAFO 80% no print '!F17 -> 150/20 | G17: =' TRAFO 80% no print '!G17 -> 1732 | H17: =' TRAFO 80% no print '!Z17 -> 1633.315 | I17: =' TRAFO 80% no print '!AA17 -> 94.302251 | J17: =' TRAFO 80% no print '!AD17 -> Siang | K17: =' TRAFO 80% no print '!L17 -> Kawasan industri dan Cikarang Bekasi | N17: =IF(#REF!>=80,"B","K") -> #REF! | O17: #REF! | Q17: =(#REF!/G17)*100 -> #REF! | R17: =#REF!/G17*100 -> #REF! | T17: #REF! | U17: =IF(#REF!=R17,"BETUL","SALAH") -> #REF! | V17: =IF(#REF!>80,"CEK KEMBALI","OKE") -> #REF! | W17: =IF(#REF!>80,"CEK KEMBALI","OKE") -> #REF!
A18: 5 | B18: =' TRAFO 80% no print '!B18 -> CIKARANG | C18: =' TRAFO 80% no print '!C18 -> JBBKA | D18: =' TRAFO 80% no print '!D18 -> 2 | E18: =' TRAFO 80% no print '!E18 -> 60 | F18: =' TRAFO 80% no print '!F18 -> 150/20 | G18: =' TRAFO 80% no print '!G18 -> 1732 | H18: =' TRAFO 80% no print '!Z18 -> 1404.3032 | I18: =' TRAFO 80% no print '!AA18 -> 81.07986 | J18: =' TRAFO 80% no print '!AD18 -> Siang | K18: =' TRAFO 80% no print '!L18 -> Kawasan industri Jababeka Bekasi | N18: =IF(#REF!>=80,"B","K") -> #REF! | O18: =IF(#REF!>=80,"B","K") -> #REF! | Q18: =(#REF!/G18)*100 -> #REF! | R18: =#REF!/G18*100 -> #REF! | T18: =IF(Q18=#REF!,"BETUL","salah") -> #REF! | U18: =IF(#REF!=R18,"BETUL","SALAH") -> #REF! | V18: #REF! | W18: =IF(#REF!>80,"CEK KEMBALI","OKE") -> #REF!
A19: 6 | B19: =' TRAFO 80% no print '!B19 -> CIKARANG | C19: =' TRAFO 80% no print '!C19 -> JBBKA | D19: =' TRAFO 80% no print '!D19 -> 3 | E19: =' TRAFO 80% no print '!E19 -> 60 | F19: =' TRAFO 80% no print '!F19 -> 150/20 | G19: =' TRAFO 80% no print '!G19 -> 1732 | H19: =' TRAFO 80% no print '!Z19 -> 1443.179 | I19: =' TRAFO 80% no print '!AA19 -> 83.324422 | J19: =' TRAFO 80% no print '!AD19 -> Siang | K19: =' TRAFO 80% no print '!L19 -> Kawasan industri Jababeka Bekasi | N19: =IF(#REF!>=80,"B","K") -> #REF! | O19: =IF(#REF!>=80,"B","K") -> #REF! | Q19: =(#REF!/G19)*100 -> #REF! | R19: =#REF!/G19*100 -> #REF! | T19: =IF(Q19=#REF!,"BETUL","salah") -> #REF! | U19: =IF(#REF!=R19,"BETUL","SALAH") -> #REF! | V19: =IF(#REF!>80,"CEK KEMBALI","OKE") -> #REF! | W19: =IF(#REF!>80,"CEK KEMBALI","OKE") -> #REF!
A20: 7 | B20: =' TRAFO 80% no print '!B20 -> CIKARANG | C20: =' TRAFO 80% no print '!C20 -> JBBKA | D20: =' TRAFO 80% no print '!D20 -> 4 | E20: =' TRAFO 80% no print '!E20 -> 60 | F20: =' TRAFO 80% no print '!F20 -> 150/20 | G20: =' TRAFO 80% no print '!G20 -> 1732 | H20: =' TRAFO 80% no print '!Z20 -> 1436.2874 | I20: =' TRAFO 80% no print '!AA20 -> 82.926522 | J20: =' TRAFO 80% no print '!AD20 -> Siang | K20: =' TRAFO 80% no print '!L20 -> Kawasan industri Jababeka Bekasi | N20: =IF(#REF!>=80,"B","K") -> #REF! | O20: =IF(#REF!>=80,"B","K") -> #REF! | Q20: =(#REF!/G20)*100 -> #REF! | R20: =#REF!/G20*100 -> #REF! | T20: =IF(Q20=#REF!,"BETUL","salah") -> #REF! | U20: =IF(#REF!=R20,"BETUL","SALAH") -> #REF! | V20: =IF(#REF!>80,"CEK KEMBALI","OKE") -> #REF! | W20: =IF(#REF!>80,"CEK KEMBALI","OKE") -> #REF!
A21: 8 | B21: =' TRAFO 80% no print '!B21 -> BEKASI | C21: =' TRAFO 80% no print '!C21 -> PCBRU | D21: =' TRAFO 80% no print '!D21 -> 1 | E21: =' TRAFO 80% no print '!E21 -> 60 | F21: =' TRAFO 80% no print '!F21 -> 150/20 | G21: =' TRAFO 80% no print '!G21 -> 1732 | H21: =' TRAFO 80% no print '!Z21 -> 1568.1989 | I21: =' TRAFO 80% no print '!AA21 -> 90.542661 | J21: =' TRAFO 80% no print '!AD21 -> Siang | K21: =' TRAFO 80% no print '!L21 -> Wilayah Kalimalang, Margahayu dan Bulak Kapal | N21: =IF(#REF!>=80,"B","K") -> #REF! | O21: =IF(#REF!>=80,"B","K") -> #REF! | Q21: =(#REF!/G21)*100 -> #REF! | R21: =#REF!/G21*100 -> #REF! | T21: =IF(Q21=#REF!,"BETUL","salah") -> #REF! | U21: #REF! | V21: =IF(#REF!>80,"CEK KEMBALI","OKE") -> #REF! | W21: =IF(#REF!>80,"CEK KEMBALI","OKE") -> #REF!
A22: 9 | B22: =' TRAFO 80% no print '!B22 -> BEKASI | C22: =' TRAFO 80% no print '!C22 -> PCBRU | D22: =' TRAFO 80% no print '!D22 -> 3 | E22: =' TRAFO 80% no print '!E22 -> 60 | F22: =' TRAFO 80% no print '!F22 -> 150/20 | G22: =' TRAFO 80% no print '!G22 -> 1732 | H22: =' TRAFO 80% no print '!Z22 -> 1443.6778 | I22: =' TRAFO 80% no print '!AA22 -> 83.35322 | J22: =' TRAFO 80% no print '!AD22 -> Siang | K22: =' TRAFO 80% no print '!L22 -> Wilayah Bekasi kota, Kejaksaan, Polres | N22: =IF(#REF!>=80,"B","K") -> #REF! | O22: =IF(#REF!>=80,"B","K") -> #REF! | Q22: =(#REF!/G22)*100 -> #REF! | R22: =#REF!/G22*100 -> #REF! | T22: =IF(Q22=#REF!,"BETUL","salah") -> #REF! | U22: =IF(#REF!=R22,"BETUL","SALAH") -> #REF! | V22: =IF(#REF!>80,"CEK KEMBALI","OKE") -> #REF! | W22: =IF(#REF!>80,"CEK KEMBALI","OKE") -> #REF!
A23: 10 | B23: =' TRAFO 80% no print '!B23 -> BEKASI | C23: =' TRAFO 80% no print '!C23 -> TMBUN | D23: =' TRAFO 80% no print '!D23 -> 2 | E23: =' TRAFO 80% no print '!E23 -> 60 | F23: =' TRAFO 80% no print '!F23 -> 150/20 | G23: =' TRAFO 80% no print '!G23 -> 1732 | H23: =' TRAFO 80% no print '!Z23 -> 1447.7187 | I23: =' TRAFO 80% no print '!AA23 -> 83.586528 | J23: =' TRAFO 80% no print '!AD23 -> Siang | K23: =' TRAFO 80% no print '!L23 -> Wilayah Kota Legenda dan Bekasi Timur | N23: =IF(#REF!>=80,"B","K") -> #REF! | O23: =IF(#REF!>=80,"B","K") -> #REF! | Q23: =(#REF!/G23)*100 -> #REF! | R23: =#REF!/G23*100 -> #REF! | T23: =IF(Q23=#REF!,"BETUL","salah") -> #REF! | U23: =IF(#REF!=R23,"BETUL","SALAH") -> #REF! | V23: =IF(#REF!>80,"CEK KEMBALI","OKE") -> #REF! | W23: =IF(#REF!>80,"CEK KEMBALI","OKE") -> #REF!
A24: 11 | B24: =' TRAFO 80% no print '!B24 -> BEKASI | C24: =' TRAFO 80% no print '!C24 -> TMBUN | D24: =' TRAFO 80% no print '!D24 -> 3 | E24: =' TRAFO 80% no print '!E24 -> 60 | F24: =' TRAFO 80% no print '!F24 -> 150/20 | G24: =' TRAFO 80% no print '!G24 -> 1732 | H24: =' TRAFO 80% no print '!Z24 -> 1405.2771 | I24: =' TRAFO 80% no print '!AA24 -> 81.136089 | J24: =' TRAFO 80% no print '!AD24 -> Siang | K24: =' TRAFO 80% no print '!L24 -> Wilayah Kota Legenda dan Bekasi Timur | N24: =IF(#REF!>=80,"B","K") -> #REF! | O24: =IF(#REF!>=80,"B","K") -> #REF! | Q24: =(#REF!/G24)*100 -> #REF! | R24: =#REF!/G24*100 -> #REF! | T24: =IF(Q24=#REF!,"BETUL","salah") -> #REF! | U24: =IF(#REF!=R24,"BETUL","SALAH") -> #REF! | V24: =IF(#REF!>80,"CEK KEMBALI","OKE") -> #REF! | W24: =IF(#REF!>80,"CEK KEMBALI","OKE") -> #REF!
A25: 12 | B25: =' TRAFO 80% no print '!B25 -> BEKASI | C25: =' TRAFO 80% no print '!C25 -> TMBUN | D25: =' TRAFO 80% no print '!D25 -> 5 | E25: =' TRAFO 80% no print '!E25 -> 60 | F25: =' TRAFO 80% no print '!F25 -> 150/20 | G25: =' TRAFO 80% no print '!G25 -> 1732 | H25: =' TRAFO 80% no print '!Z25 -> 1414.1236 | I25: =' TRAFO 80% no print '!AA25 -> 81.64686 | J25: =' TRAFO 80% no print '!AD25 -> Malam | K25: =' TRAFO 80% no print '!L25 -> Wilayah Kota Legenda dan Bekasi Timur | N25: =IF(#REF!>=80,"B","K") -> #REF! | O25: #REF! | Q25: =(#REF!/G25)*100 -> #REF! | R25: =#REF!/G25*100 -> #REF! | T25: =IF(Q25=#REF!,"BETUL","salah") -> #REF! | U25: =IF(#REF!=R25,"BETUL","SALAH") -> #REF! | V25: =IF(#REF!>80,"CEK KEMBALI","OKE") -> #REF! | W25: =IF(#REF!>80,"CEK KEMBALI","OKE") -> #REF!
A26: 13 | B26: =' TRAFO 80% no print '!B26 -> BOGOR | C26: =' TRAFO 80% no print '!C26 -> BGBRU | D26: =' TRAFO 80% no print '!D26 -> 6 | E26: =' TRAFO 80% no print '!E26 -> 60 | F26: =' TRAFO 80% no print '!F26 -> 150/20 | G26: =' TRAFO 80% no print '!G26 -> 1732 | H26: =' TRAFO 80% no print '!Z26 -> 1613.3788 | I26: =' TRAFO 80% no print '!AA26 -> 93.1512 | J26: =' TRAFO 80% no print '!AD26 -> Siang | K26: =' TRAFO 80% no print '!L26 -> Wilayah industri & umum Bogor Barat | N26: =IF(#REF!>=80,"B","K") -> #REF! | O26: =IF(#REF!>=80,"B","K") -> #REF! | Q26: =(#REF!/G26)*100 -> #REF! | R26: =#REF!/G26*100 -> #REF! | T26: =IF(Q26=#REF!,"BETUL","salah") -> #REF! | U26: =IF(#REF!=R26,"BETUL","SALAH") -> #REF! | V26: =IF(#REF!>80,"CEK KEMBALI","OKE") -> #REF! | W26: =IF(#REF!>80,"CEK KEMBALI","OKE") -> #REF!
A27: 14 | B27: =' TRAFO 80% no print '!B27 -> BOGOR | C27: =' TRAFO 80% no print '!C27 -> BUNAR | D27: =' TRAFO 80% no print '!D27 -> 1 | E27: =' TRAFO 80% no print '!E27 -> 30 | F27: =' TRAFO 80% no print '!F27 -> 70/20 | G27: =' TRAFO 80% no print '!G27 -> 866 | H27: =' TRAFO 80% no print '!Z27 -> 726.61928 | I27: =' TRAFO 80% no print '!AA27 -> 83.905229 | J27: =' TRAFO 80% no print '!AD27 -> Malam | K27: =' TRAFO 80% no print '!L27 -> Wilayah Bunar Bogor | N27: =IF(#REF!>=80,"B","K") -> #REF! | O27: =IF(#REF!>=80,"B","K") -> #REF! | Q27: =(#REF!/G27)*100 -> #REF! | R27: =#REF!/G27*100 -> #REF! | T27: =IF(Q27=#REF!,"BETUL","salah") -> #REF! | U27: =IF(#REF!=R27,"BETUL","SALAH") -> #REF! | V27: =IF(#REF!>80,"CEK KEMBALI","OKE") -> #REF! | W27: #REF!
A28: 15 | B28: =' TRAFO 80% no print '!B28 -> BOGOR | C28: =' TRAFO 80% no print '!C28 -> KRCAK | D28: =' TRAFO 80% no print '!D28 -> 1 | E28: =' TRAFO 80% no print '!E28 -> 10 | F28: =' TRAFO 80% no print '!F28 -> 70/20 | G28: =' TRAFO 80% no print '!G28 -> 288 | H28: =' TRAFO 80% no print '!Z28 -> 253.65722 | I28: =' TRAFO 80% no print '!AA28 -> 88.075422 | J28: =' TRAFO 80% no print '!AD28 -> Malam | K28: =' TRAFO 80% no print '!L28 -> Wilayah umum Kracak Bogor | N28: =IF(#REF!>=80,"B","K") -> #REF! | O28: =IF(#REF!>=80,"B","K") -> #REF! | Q28: =(#REF!/G28)*100 -> #REF! | R28: =#REF!/G28*100 -> #REF! | T28: =IF(Q28=#REF!,"BETUL","salah") -> #REF! | U28: =IF(#REF!=R28,"BETUL","SALAH") -> #REF! | V28: =IF(#REF!>80,"CEK KEMBALI","OKE") -> #REF! | W28: =IF(#REF!>80,"CEK KEMBALI","OKE") -> #REF!
A29: 16 | B29: =' TRAFO 80% no print '!B29 -> GUNUNG PUTRI | C29: =' TRAFO 80% no print '!C29 -> CIBNG | D29: =' TRAFO 80% no print '!D29 -> 3 | E29: =' TRAFO 80% no print '!E29 -> 60 | F29: =' TRAFO 80% no print '!F29 -> 150/20 | G29: =' TRAFO 80% no print '!G29 -> 1732 | H29: =' TRAFO 80% no print '!Z29 -> 1449.2935 | I29: =' TRAFO 80% no print '!AA29 -> 83.677454 | J29: =' TRAFO 80% no print '!AD29 -> Siang | K29: =' TRAFO 80% no print '!L29 -> Kawsan industri & umum Cibinong Bogor | N29: =IF(#REF!>=80,"B","K") -> #REF! | O29: =IF(#REF!>=80,"B","K") -> #REF! | Q29: =(#REF!/G29)*100 -> #REF! | R29: =#REF!/G29*100 -> #REF! | T29: =IF(Q29=#REF!,"BETUL","salah") -> #REF! | U29: =IF(#REF!=R29,"BETUL","SALAH") -> #REF! | V29: =IF(#REF!>80,"CEK KEMBALI","OKE") -> #REF! | W29: =IF(#REF!>80,"CEK KEMBALI","OKE") -> #REF!
A30: 17 | B30: =' TRAFO 80% no print '!B30 -> GUNUNG PUTRI | C30: =' TRAFO 80% no print '!C30 -> CIBNG | D30: =' TRAFO 80% no print '!D30 -> 5 | E30: =' TRAFO 80% no print '!E30 -> 60 | F30: =' TRAFO 80% no print '!F30 -> 150/20 | G30: =' TRAFO 80% no print '!G30 -> 1732 | H30: =' TRAFO 80% no print '!Z30 -> 1594.3803 | I30: =' TRAFO 80% no print '!AA30 -> 92.054292 | J30: =' TRAFO 80% no print '!AD30 -> Siang | K30: =' TRAFO 80% no print '!L30 -> Kawsan industri & umum Cibinong Bogor | N30: =IF(#REF!>=80,"B","K") -> #REF! | O30: =IF(#REF!>=80,"B","K") -> #REF! | Q30: =(#REF!/G30)*100 -> #REF! | R30: =#REF!/G30*100 -> #REF! | T30: =IF(Q30=#REF!,"BETUL","salah") -> #REF! | U30: =IF(#REF!=R30,"BETUL","SALAH") -> #REF! | V30: =IF(#REF!>80,"CEK KEMBALI","OKE") -> #REF! | W30: =IF(#REF!>80,"CEK KEMBALI","OKE") -> #REF!
A31: 18 | B31: =' TRAFO 80% no print '!B31 -> GUNUNG PUTRI | C31: =' TRAFO 80% no print '!C31 -> SNTUL | D31: =' TRAFO 80% no print '!D31 -> 3 | E31: =' TRAFO 80% no print '!E31 -> 60 | F31: =' TRAFO 80% no print '!F31 -> 150/20 | G31: =' TRAFO 80% no print '!G31 -> 1732 | H31: =' TRAFO 80% no print '!Z31 -> 1731.1565 | I31: =' TRAFO 80% no print '!AA31 -> 99.951299 | J31: =' TRAFO 80% no print '!AD31 -> Siang | K31: =' TRAFO 80% no print '!L31 -> Wilayah umum Sentul | N31: =IF(#REF!>=80,"B","K") -> #REF! | O31: =IF(#REF!>=80,"B","K") -> #REF! | Q31: =(#REF!/G31)*100 -> #REF! | R31: =#REF!/G31*100 -> #REF! | T31: =IF(Q31=#REF!,"BETUL","salah") -> #REF! | U31: =IF(#REF!=R31,"BETUL","SALAH") -> #REF! | V31: =IF(#REF!>80,"CEK KEMBALI","OKE") -> #REF! | W31: =IF(#REF!>80,"CEK KEMBALI","OKE") -> #REF!
A32: 19 | B32: =' TRAFO 80% no print '!B32 -> GUNUNG PUTRI | C32: =' TRAFO 80% no print '!C32 -> SNTUL | D32: =' TRAFO 80% no print '!D32 -> 4 | E32: =' TRAFO 80% no print '!E32 -> 60 | F32: =' TRAFO 80% no print '!F32 -> 150/20 | G32: =' TRAFO 80% no print '!G32 -> 1732 | H32: =' TRAFO 80% no print '!Z32 -> 1617.529 | I32: =' TRAFO 80% no print '!AA32 -> 93.390821 | J32: =' TRAFO 80% no print '!AD32 -> Siang | K32: =' TRAFO 80% no print '!L32 -> Wilayah umum Sentul | N32: =IF(#REF!>=80,"B","K") -> #REF! | O32: =IF(#REF!>=80,"B","K") -> #REF! | Q32: =(#REF!/G32)*100 -> #REF! | R32: =#REF!/G32*100 -> #REF! | T32: =IF(Q32=#REF!,"BETUL","salah") -> #REF! | U32: =IF(#REF!=R32,"BETUL","SALAH") -> #REF! | V32: =IF(#REF!>80,"CEK KEMBALI","OKE") -> #REF! | W32: =IF(#REF!>80,"CEK KEMBALI","OKE") -> #REF!
A33: 20 | B33: =' TRAFO 80% no print '!B33 -> CIMAHI | C33: =' TRAFO 80% no print '!C33 -> PDLRU | D33: =' TRAFO 80% no print '!D33 -> 4 | E33: =' TRAFO 80% no print '!E33 -> 60 | F33: =' TRAFO 80% no print '!F33 -> 150/20 | G33: =' TRAFO 80% no print '!G33 -> 1732 | H33: =' TRAFO 80% no print '!Z33 -> 1517.5601 | I33: =' TRAFO 80% no print '!AA33 -> 87.618946 | J33: =' TRAFO 80% no print '!AD33 -> Siang | K33: =' TRAFO 80% no print '!L33 -> Padalarang,Cimahi kota,Cangkorah | N33: =IF(#REF!>=80,"B","K") -> #REF! | O33: =IF(#REF!>=80,"B","K") -> #REF! | Q33: =(#REF!/G33)*100 -> #REF! | R33: =#REF!/G33*100 -> #REF! | T33: =IF(Q33=#REF!,"BETUL","salah") -> #REF! | U33: =IF(#REF!=R33,"BETUL","SALAH") -> #REF! | V33: =IF(#REF!>80,"CEK KEMBALI","OKE") -> #REF! | W33: =IF(#REF!>80,"CEK KEMBALI","OKE") -> #REF!
A34: 21 | B34: =' TRAFO 80% no print '!B34 -> CIREBON | C34: =' TRAFO 80% no print '!C34 -> ARJWN | D34: =' TRAFO 80% no print '!D34 -> 1 | E34: =' TRAFO 80% no print '!E34 -> 30 | F34: =' TRAFO 80% no print '!F34 -> 70/20 | G34: =' TRAFO 80% no print '!G34 -> 866 | H34: =' TRAFO 80% no print '!Z34 -> 760.74591 | I34: =' TRAFO 80% no print '!AA34 -> 87.845948 | J34: =' TRAFO 80% no print '!AD34 -> Siang | K34: =' TRAFO 80% no print '!L34 -> Wilayah umum arjawinangun, Palimanan , dskt | N34: =IF(#REF!>=80,"B","K") -> #REF! | O34: =IF(#REF!>=80,"B","K") -> #REF! | Q34: =(#REF!/G34)*100 -> #REF! | R34: =#REF!/G34*100 -> #REF! | T34: =IF(Q34=#REF!,"BETUL","salah") -> #REF! | U34: =IF(#REF!=R34,"BETUL","SALAH") -> #REF! | V34: =IF(#REF!>80,"CEK KEMBALI","OKE") -> #REF! | W34: =IF(#REF!>80,"CEK KEMBALI","OKE") -> #REF!
A35: 22 | B35: =' TRAFO 80% no print '!B35 -> CIREBON | C35: =' TRAFO 80% no print '!C35 -> BBKAN | D35: =' TRAFO 80% no print '!D35 -> 3 | E35: =' TRAFO 80% no print '!E35 -> 30 | F35: =' TRAFO 80% no print '!F35 -> 70/20 | G35: =' TRAFO 80% no print '!G35 -> 866 | H35: =' TRAFO 80% no print '!Z35 -> 786.05306 | I35: =' TRAFO 80% no print '!AA35 -> 90.768252 | J35: =' TRAFO 80% no print '!AD35 -> Malam | K35: =' TRAFO 80% no print '!L35 -> Wilayah Sindang laut, Babakan | N35: =IF(#REF!>=80,"B","K") -> #REF! | O35: =IF(#REF!>=80,"B","K") -> #REF! | Q35: =(#REF!/G35)*100 -> #REF! | R35: =#REF!/G35*100 -> #REF! | T35: =IF(Q35=#REF!,"BETUL","salah") -> #REF! | U35: =IF(#REF!=R35,"BETUL","SALAH") -> #REF! | V35: =IF(#REF!>80,"CEK KEMBALI","OKE") -> #REF! | W35: =IF(#REF!>80,"CEK KEMBALI","OKE") -> #REF!
A36: 23 | B36: =' TRAFO 80% no print '!B36 -> INDRAMAYU | C36: =' TRAFO 80% no print '!C36 -> IDMYU | D36: =' TRAFO 80% no print '!D36 -> 1 | E36: =' TRAFO 80% no print '!E36 -> 30 | F36: =' TRAFO 80% no print '!F36 -> 70/19 | G36: =' TRAFO 80% no print '!G36 -> 866 | H36: =' TRAFO 80% no print '!Z36 -> 745.59875 | I36: =' TRAFO 80% no print '!AA36 -> 86.096854 | J36: =' TRAFO 80% no print '!AD36 -> Siang | K36: =' TRAFO 80% no print '!L36 -> Wilayah Indramayu,Balongan | N36: =IF(#REF!>=80,"B","K") -> #REF! | O36: =IF(#REF!>=80,"B","K") -> #REF! | Q36: =(#REF!/G36)*100 -> #REF! | R36: =#REF!/G36*100 -> #REF! | T36: =IF(Q36=#REF!,"BETUL","salah") -> #REF! | U36: =IF(#REF!=R36,"BETUL","SALAH") -> #REF! | V36: =IF(#REF!>80,"CEK KEMBALI","OKE") -> #REF! | W36: =IF(#REF!>80,"CEK KEMBALI","OKE") -> #REF!
A37: 24 | B37: =' TRAFO 80% no print '!B37 -> INDRAMAYU | C37: =' TRAFO 80% no print '!C37 -> IDMYU | D37: =' TRAFO 80% no print '!D37 -> 3 | E37: =' TRAFO 80% no print '!E37 -> 30 | F37: =' TRAFO 80% no print '!F37 -> 70/20 | G37: =' TRAFO 80% no print '!G37 -> 866 | H37: =' TRAFO 80% no print '!Z37 -> 697.98094 | I37: =' TRAFO 80% no print '!AA37 -> 80.598261 | J37: =' TRAFO 80% no print '!AD37 -> Malam | K37: =' TRAFO 80% no print '!L37 -> Wilayah Indramayu,Balongan | N37: =IF(#REF!>=80,"B","K") -> #REF! | O37: =IF(#REF!>=80,"B","K") -> #REF! | Q37: =(#REF!/G37)*100 -> #REF! | R37: =#REF!/G37*100 -> #REF! | T37: =IF(Q37=#REF!,"BETUL","salah") -> #REF! | U37: =IF(#REF!=R37,"BETUL","SALAH") -> #REF! | V37: =IF(#REF!>80,"CEK KEMBALI","OKE") -> #REF! | W37: =IF(#REF!>80,"CEK KEMBALI","OKE") -> #REF!
A38: 25 | B38: =' TRAFO 80% no print '!B38 -> INDRAMAYU | C38: =' TRAFO 80% no print '!C38 -> JTBRG | D38: =' TRAFO 80% no print '!D38 -> 3 | E38: =' TRAFO 80% no print '!E38 -> 60 | F38: =' TRAFO 80% no print '!F38 -> 150 /20 | G38: =' TRAFO 80% no print '!G38 -> 1732 | H38: =' TRAFO 80% no print '!Z38 -> 1652.5115 | I38: =' TRAFO 80% no print '!AA38 -> 95.410593 | J38: =' TRAFO 80% no print '!AD38 -> Malam | K38: =' TRAFO 80% no print '!L38 -> Wilayah Jatibarang | N38: =IF(#REF!>=80,"B","K") -> #REF! | O38: =IF(#REF!>=80,"B","K") -> #REF! | Q38: =(#REF!/G38)*100 -> #REF! | R38: =#REF!/G38*100 -> #REF! | T38: =IF(Q38=#REF!,"BETUL","salah") -> #REF! | U38: =IF(#REF!=R38,"BETUL","SALAH") -> #REF! | V38: =IF(#REF!>80,"CEK KEMBALI","OKE") -> #REF! | W38: =IF(#REF!>80,"CEK KEMBALI","OKE") -> #REF!
A39: 26 | B39: =' TRAFO 80% no print '!B39 -> CIREBON | C39: =' TRAFO 80% no print '!C39 -> KUNGN | D39: =' TRAFO 80% no print '!D39 -> 1 | E39: =' TRAFO 80% no print '!E39 -> 30 | F39: =' TRAFO 80% no print '!F39 -> 70/20 | G39: =' TRAFO 80% no print '!G39 -> 866 | H39: =' TRAFO 80% no print '!Z39 -> 725.6355 | I39: =' TRAFO 80% no print '!AA39 -> 83.791628 | J39: =' TRAFO 80% no print '!AD39 -> Siang | K39: =' TRAFO 80% no print '!L39 -> Wilayah umum Kuningan | N39: =IF(#REF!>=80,"B","K") -> #REF! | O39: =IF(#REF!>=80,"B","K") -> #REF! | Q39: =(#REF!/G39)*100 -> #REF! | R39: =#REF!/G39*100 -> #REF! | T39: =IF(Q39=#REF!,"BETUL","salah") -> #REF! | U39: =IF(#REF!=R39,"BETUL","SALAH") -> #REF! | V39: =IF(#REF!>80,"CEK KEMBALI","OKE") -> #REF! | W39: =IF(#REF!>80,"CEK KEMBALI","OKE") -> #REF!
... A56: 43 | B56: =' TRAFO 80% no print '!B56 -> TASIKMALAYA | C56: =' TRAFO 80% no print '!C56 -> TSBRU | D56: =' TRAFO 80% no print '!D56 -> 1 | E56: =' TRAFO 80% no print '!E56 -> 30 | F56: =' TRAFO 80% no print '!F56 -> 150/20 | G56: =' TRAFO 80% no print '!G56 -> 866 | H56: =' TRAFO 80% no print '!Z56 -> 844.21712 | I56: =' TRAFO 80% no print '!AA56 -> 97.484656 | J56: =' TRAFO 80% no print '!AD56 -> Siang | K56: =' TRAFO 80% no print '!L56 -> Wilayah Umum Tasikmalaya | N56: =IF(#REF!>=80,"B","K") -> #REF! | O56: =IF(#REF!>=80,"B","K") -> #REF! | Q56: =(#REF!/G56)*100 -> #REF! | R56: =#REF!/G56*100 -> #REF! | T56: =IF(Q56=#REF!,"BETUL","salah") -> #REF! | U56: =IF(#REF!=R56,"BETUL","SALAH") -> #REF! | V56: =IF(#REF!>80,"CEK KEMBALI","OKE") -> #REF! | W56: =IF(#REF!>80,"CEK KEMBALI","OKE") -> #REF!

Sheet  TRAFO 30% PRINT
B2: BEBAN TRAFO GARDU INDUK DISTRIBUSI JABAR & BANTEN
A5: LAMPIRAN XI.1 a
A6: BEBAN TRAFO GARDU INDUK < 30% UNIT INDUK DISTRIBUSI JAWA BARAT
A7: APRIL 2022
A8: N0 | B8: UP3 | C8: GI | D8: TRF | E8: DAYA | F8: TGN | G8: I-NOM | H8: April | K8: KETERANGAN
H9: Beban | J9: Siang
F10: (kV) | H10: A | I10: % | J10: Malam
A11: 1 | B11: =' TRAFO 30% no print'!B14 -> BANDUNG | C11: =' TRAFO 30% no print'!C14 -> BRAGA | D11: =' TRAFO 30% no print'!D14 -> 2 | E11: =' TRAFO 30% no print'!E14 -> 60 | F11: =' TRAFO 30% no print'!F14 -> 150/20 | G11: =' TRAFO 30% no print'!G14 -> 1732 | H11: =' TRAFO 30% no print'!Z14 -> 507.56437 | I11: =' TRAFO 30% no print'!AA14 -> 29.305102 | J11: ='[132] TRAFO 30% no print'!AD14 -> Siang | N11: =IF(#REF!>=80,"B","K") -> #REF! | O11: =IF(#REF!>=80,"B","K") -> #REF! | Q11: =(#REF!/G11)*100 -> #REF! | R11: =#REF!/G11*100 -> #REF! | T11: =IF(Q11=#REF!,"BETUL","salah") -> #REF! | U11: #REF! | V11: =IF(#REF!>80,"CEK KEMBALI","OKE") -> #REF! | W11: =IF(#REF!>80,"CEK KEMBALI","OKE") -> #REF!
A12: 2 | B12: =' TRAFO 30% no print'!B15 -> BANDUNG | C12: =' TRAFO 30% no print'!C15 -> DGPKR | D12: =' TRAFO 30% no print'!D15 -> 1 | E12: =' TRAFO 30% no print'!E15 -> 60 | F12: =' TRAFO 30% no print'!F15 -> 150/20 | G12: =' TRAFO 30% no print'!G15 -> 1732 | H12: =' TRAFO 30% no print'!Z15 -> 440.67873 | I12: =' TRAFO 30% no print'!AA15 -> 25.443345 | J12: ='[132] TRAFO 30% no print'!AD15 -> Siang | N12: =IF(#REF!>=80,"B","K") -> #REF! | O12: =IF(#REF!>=80,"B","K") -> #REF! | Q12: =(#REF!/G12)*100 -> #REF! | R12: =#REF!/G12*100 -> #REF! | T12: =IF(Q12=#REF!,"BETUL","salah") -> #REF! | U12: =IF(#REF!=R12,"BETUL","SALAH") -> #REF! | V12: =IF(#REF!>80,"CEK KEMBALI","OKE") -> #REF! | W12: =IF(#REF!>80,"CEK KEMBALI","OKE") -> #REF!
A13: 3 | B13: =' TRAFO 30% no print'!B16 -> BANDUNG | C13: =' TRAFO 30% no print'!C16 -> UBRNG | D13: =' TRAFO 30% no print'!D16 -> 6 | E13: =' TRAFO 30% no print'!E16 -> 60 | F13: =' TRAFO 30% no print'!F16 -> 150/20 | G13: =' TRAFO 30% no print'!G16 -> 1732 | H13: =' TRAFO 30% no print'!Z16 -> 458.69184 | I13: =' TRAFO 30% no print'!AA16 -> 26.483363 | J13: ='[132] TRAFO 30% no print'!AD16 -> Siang | N13: =IF(#REF!>=80,"B","K") -> #REF! | O13: =IF(#REF!>=80,"B","K") -> #REF! | Q13: =(#REF!/G13)*100 -> #REF! | R13: =#REF!/G13*100 -> #REF! | T13: #REF! | U13: =IF(#REF!=R13,"BETUL","SALAH") -> #REF! | V13: =IF(#REF!>80,"CEK KEMBALI","OKE") -> #REF! | W13: =IF(#REF!>80,"CEK KEMBALI","OKE") -> #REF!
A14: 4 | B14: =' TRAFO 30% no print'!B17 -> BANDUNG | C14: =' TRAFO 30% no print'!C17 -> UBRNG | D14: =' TRAFO 30% no print'!D17 -> 7 | E14: =' TRAFO 30% no print'!E17 -> 60 | F14: =' TRAFO 30% no print'!F17 -> 150/20 | G14: =' TRAFO 30% no print'!G17 -> 1732 | H14: =' TRAFO 30% no print'!Z17 -> 274.54292 | I14: =' TRAFO 30% no print'!AA17 -> 15.851208 | J14: ='[132] TRAFO 30% no print'!AD17 -> Malam | N14: =IF(#REF!>=80,"B","K") -> #REF! | O14: =IF(#REF!>=80,"B","K") -> #REF! | Q14: =(#REF!/G14)*100 -> #REF! | R14: =#REF!/G14*100 -> #REF! | T14: =IF(Q14=#REF!,"BETUL","salah") -> #REF! | U14: #REF! | V14: =IF(#REF!>80,"CEK KEMBALI","OKE") -> #REF! | W14: =IF(#REF!>80,"CEK KEMBALI","OKE") -> #REF!
A15: 5 | B15: =' TRAFO 30% no print'!B18 -> BANDUNG | C15: =' TRAFO 30% no print'!C18 -> GDBGE | D15: =' TRAFO 30% no print'!D18 -> 1 | E15: =' TRAFO 30% no print'!E18 -> 60 | F15: =' TRAFO 30% no print'!F18 -> 150/20 | G15: =' TRAFO 30% no print'!G18 -> 1732 | H15: =' TRAFO 30% no print'!Z18 -> 420.0743 | I15: =' TRAFO 30% no print'!AA18 -> 24.253712 | J15: ='[132] TRAFO 30% no print'!AD18 -> Malam | N15: =IF(#REF!>=80,"B","K") -> #REF! | O15: =IF(#REF!>=80,"B","K") -> #REF! | Q15: =(#REF!/G15)*100 -> #REF! | R15: =#REF!/G15*100 -> #REF! | T15: =IF(Q15=#REF!,"BETUL","salah") -> #REF! | U15: =IF(#REF!=R15,"BETUL","SALAH") -> #REF! | V15: =IF(#REF!>80,"CEK KEMBALI","OKE") -> #REF! | W15: =IF(#REF!>80,"CEK KEMBALI","OKE") -> #REF!
A16: 6 | B16: =' TRAFO 30% no print'!B19 -> BANDUNG | C16: =' TRAFO 30% no print'!C19 -> GDBGE | D16: =' TRAFO 30% no print'!D19 -> 2 | E16: =' TRAFO 30% no print'!E19 -> 60 | F16: =' TRAFO 30% no print'!F19 -> 150/20 | G16: =' TRAFO 30% no print'!G19 -> 1732 | H16: =' TRAFO 30% no print'!Z19 -> 385.73621 | I16: =' TRAFO 30% no print'!AA19 -> 22.271144 | J16: ='[132] TRAFO 30% no print'!AD19 -> Malam | N16: =IF(#REF!>=80,"B","K") -> #REF! | O16: =IF(#REF!>=80,"B","K") -> #REF! | Q16: =(#REF!/G16)*100 -> #REF! | R16: =#REF!/G16*100 -> #REF! | T16: #REF! | U16: =IF(#REF!=R16,"BETUL","SALAH") -> #REF! | V16: =IF(#REF!>80,"CEK KEMBALI","OKE") -> #REF! | W16: =IF(#REF!>80,"CEK KEMBALI","OKE") -> #REF!
A17: 7 | B17: =' TRAFO 30% no print'!B20 -> CIKARANG | C17: =' TRAFO 30% no print'!C20 -> CIKRG | D17: =' TRAFO 30% no print'!D20 -> 1 | E17: =' TRAFO 30% no print'!E20 -> 60 | F17: =' TRAFO 30% no print'!F20 -> 150/20 | G17: =' TRAFO 30% no print'!G20 -> 1732 | H17: =' TRAFO 30% no print'!Z20 -> 244.01333 | I17: =' TRAFO 30% no print'!AA20 -> 14.08853 | J17: ='[132] TRAFO 30% no print'!AD20 -> Malam | N17: =IF(#REF!>=80,"B","K") -> #REF! | O17: =IF(#REF!>=80,"B","K") -> #REF! | Q17: =(#REF!/G17)*100 -> #REF! | R17: =#REF!/G17*100 -> #REF! | T17: =IF(Q17=#REF!,"BETUL","salah") -> #REF! | U17: =IF(#REF!=R17,"BETUL","SALAH") -> #REF! | V17: =IF(#REF!>80,"CEK KEMBALI","OKE") -> #REF! | W17: =IF(#REF!>80,"CEK KEMBALI","OKE") -> #REF!
A18: 8 | B18: =' TRAFO 30% no print'!B21 -> CIKARANG | C18: =' TRAFO 30% no print'!C21 -> LIPPO | D18: =' TRAFO 30% no print'!D21 -> 2 | E18: =' TRAFO 30% no print'!E21 -> 60 | F18: =' TRAFO 30% no print'!F21 -> 150/20 | G18: =' TRAFO 30% no print'!G21 -> 1732 | H18: =' TRAFO 30% no print'!Z21 -> 417.37669 | I18: =' TRAFO 30% no print'!AA21 -> 24.097961 | J18: ='[132] TRAFO 30% no print'!AD21 -> Malam | N18: =IF(#REF!>=80,"B","K") -> #REF! | O18: =IF(#REF!>=80,"B","K") -> #REF! | Q18: =(#REF!/G18)*100 -> #REF! | R18: =#REF!/G18*100 -> #REF! | T18: =IF(Q18=#REF!,"BETUL","salah") -> #REF! | U18: =IF(#REF!=R18,"BETUL","SALAH") -> #REF! | V18: =IF(#REF!>80,"CEK KEMBALI","OKE") -> #REF! | W18: =IF(#REF!>80,"CEK KEMBALI","OKE") -> #REF!
A19: 9 | B19: =' TRAFO 30% no print'!B22 -> CIKARANG | C19: =' TRAFO 30% no print'!C22 -> JBBKA | D19: =' TRAFO 30% no print'!D22 -> 3 | E19: =' TRAFO 30% no print'!E22 -> 60 | F19: =' TRAFO 30% no print'!F22 -> 150/20 | G19: =' TRAFO 30% no print'!G22 -> 1732 | H19: =' TRAFO 30% no print'!Z22 -> 317.17751 | I19: =' TRAFO 30% no print'!AA22 -> 18.312789 | J19: ='[132] TRAFO 30% no print'!AD22 -> Malam | N19: =IF(#REF!>=80,"B","K") -> #REF! | O19: =IF(#REF!>=80,"B","K") -> #REF! | Q19: =(#REF!/G19)*100 -> #REF! | R19: =#REF!/G19*100 -> #REF! | T19: =IF(Q19=#REF!,"BETUL","salah") -> #REF! | U19: =IF(#REF!=R19,"BETUL","SALAH") -> #REF! | V19: =IF(#REF!>80,"CEK KEMBALI","OKE") -> #REF! | W19: =IF(#REF!>80,"CEK KEMBALI","OKE") -> #REF!
A20: 10 | B20: =' TRAFO 30% no print'!B23 -> BEKASI | C20: =' TRAFO 30% no print'!C23 -> NPCLR | D20: =' TRAFO 30% no print'!D23 -> 1 | E20: =' TRAFO 30% no print'!E23 -> 60 | F20: =' TRAFO 30% no print'!F23 -> 150/20 | G20: =' TRAFO 30% no print'!G23 -> 1732 | H20: =' TRAFO 30% no print'!Z23 -> 0 | I20: =' TRAFO 30% no print'!AA23 -> 0 | J20: ='[132] TRAFO 30% no print'!AD23 -> Siang | N20: =IF(#REF!>=80,"B","K") -> #REF! | O20: =IF(#REF!>=80,"B","K") -> #REF! | Q20: =(#REF!/G20)*100 -> #REF! | R20: =#REF!/G20*100 -> #REF! | T20: =IF(Q20=#REF!,"BETUL","salah") -> #REF! | U20: =IF(#REF!=R20,"BETUL","SALAH") -> #REF! | V20: =IF(#REF!>80,"CEK KEMBALI","OKE") -> #REF! | W20: =IF(#REF!>80,"CEK KEMBALI","OKE") -> #REF!
A21: 11 | B21: =' TRAFO 30% no print'!B24 -> BEKASI | C21: =' TRAFO 30% no print'!C24 -> NPCLR | D21: =' TRAFO 30% no print'!D24 -> 2 | E21: =' TRAFO 30% no print'!E24 -> 60 | F21: =' TRAFO 30% no print'!F24 -> 150/20 | G21: =' TRAFO 30% no print'!G24 -> 1732 | H21: =' TRAFO 30% no print'!Z24 -> 0 | I21: =' TRAFO 30% no print'!AA24 -> 0 | J21: ='[132] TRAFO 30% no print'!AD24 -> Malam | N21: =IF(#REF!>=80,"B","K") -> #REF! | O21: =IF(#REF!>=80,"B","K") -> #REF! | Q21: =(#REF!/G21)*100 -> #REF! | R21: =#REF!/G21*100 -> #REF! | T21: =IF(Q21=#REF!,"BETUL","salah") -> #REF! | U21: =IF(#REF!=R21,"BETUL","SALAH") -> #REF! | V21: =IF(#REF!>80,"CEK KEMBALI","OKE") -> #REF! | W21: =IF(#REF!>80,"CEK KEMBALI","OKE") -> #REF!
A22: 12 | B22: =' TRAFO 30% no print'!B25 -> BEKASI | C22: =' TRAFO 30% no print'!C25 -> NTMBN | D22: =' TRAFO 30% no print'!D25 -> 2 | E22: =' TRAFO 30% no print'!E25 -> 60 | F22: =' TRAFO 30% no print'!F25 -> 150/20 | G22: =' TRAFO 30% no print'!G25 -> 1732 | H22: =' TRAFO 30% no print'!Z25 -> 292.05193 | I22: =' TRAFO 30% no print'!AA25 -> 16.862121 | J22: ='[132] TRAFO 30% no print'!AD25 -> Malam | N22: =IF(#REF!>=80,"B","K") -> #REF! | O22: =IF(#REF!>=80,"B","K") -> #REF! | Q22: =(#REF!/G22)*100 -> #REF! | R22: =#REF!/G22*100 -> #REF! | T22: =IF(Q22=#REF!,"BETUL","salah") -> #REF! | U22: #REF! | V22: =IF(#REF!>80,"CEK KEMBALI","OKE") -> #REF! | W22: =IF(#REF!>80,"CEK KEMBALI","OKE") -> #REF!
A23: 13 | B23: =' TRAFO 30% no print'!B26 -> BEKASI | C23: =' TRAFO 30% no print'!C26 -> SMRCN | D23: =' TRAFO 30% no print'!D26 -> 2 | E23: =' TRAFO 30% no print'!E26 -> 60 | F23: =' TRAFO 30% no print'!F26 -> 150/20 | G23: =' TRAFO 30% no print'!G26 -> 1732 | H23: =' TRAFO 30% no print'!Z26 -> 189.90957 | I23: =' TRAFO 30% no print'!AA26 -> 10.964756 | J23: ='[132] TRAFO 30% no print'!AD26 -> Malam | N23: =IF(#REF!>=80,"B","K") -> #REF! | O23: =IF(#REF!>=80,"B","K") -> #REF! | Q23: =(#REF!/G23)*100 -> #REF! | R23: =#REF!/G23*100 -> #REF! | T23: =IF(Q23=#REF!,"BETUL","salah") -> #REF! | U23: =IF(#REF!=R23,"BETUL","SALAH") -> #REF! | V23: =IF(#REF!>80,"CEK KEMBALI","OKE") -> #REF! | W23: =IF(#REF!>80,"CEK KEMBALI","OKE") -> #REF!
A24: 14 | B24: =' TRAFO 30% no print'!B27 -> CIKARANG | C24: =' TRAFO 30% no print'!C27 -> DLTMS | D24: =' TRAFO 30% no print'!D27 -> 1 | E24: =' TRAFO 30% no print'!E27 -> 60 | F24: =' TRAFO 30% no print'!F27 -> 150/20 | G24: =' TRAFO 30% no print'!G27 -> 1732 | H24: =' TRAFO 30% no print'!Z27 -> 503.15815 | I24: =' TRAFO 30% no print'!AA27 -> 29.050702 | J24: ='[132] TRAFO 30% no print'!AD27 -> Malam | N24: =IF(#REF!>=80,"B","K") -> #REF! | O24: =IF(#REF!>=80,"B","K") -> #REF! | Q24: =(#REF!/G24)*100 -> #REF! | R24: =#REF!/G24*100 -> #REF! | T24: =IF(Q24=#REF!,"BETUL","salah") -> #REF! | U24: =IF(#REF!=R24,"BETUL","SALAH") -> #REF! | V24: =IF(#REF!>80,"CEK KEMBALI","OKE") -> #REF! | W24: =IF(#REF!>80,"CEK KEMBALI","OKE") -> #REF!
A25: 15 | B25: =' TRAFO 30% no print'!B28 -> CIKARANG | C25: =' TRAFO 30% no print'!C28 -> DLTMS | D25: =' TRAFO 30% no print'!D28 -> 2 | E25: =' TRAFO 30% no print'!E28 -> 60 | F25: =' TRAFO 30% no print'!F28 -> 150/20 | G25: =' TRAFO 30% no print'!G28 -> 1732 | H25: =' TRAFO 30% no print'!Z28 -> 440.39302 | I25: =' TRAFO 30% no print'!AA28 -> 25.426848 | J25: ='[132] TRAFO 30% no print'!AD28 -> Malam | N25: =IF(#REF!>=80,"B","K") -> #REF! | O25: =IF(#REF!>=80,"B","K") -> #REF! | Q25: =(#REF!/G25)*100 -> #REF! | R25: =#REF!/G25*100 -> #REF! | T25: =IF(Q25=#REF!,"BETUL","salah") -> #REF! | U25: =IF(#REF!=R25,"BETUL","SALAH") -> #REF! | V25: =IF(#REF!>80,"CEK KEMBALI","OKE") -> #REF! | W25: =IF(#REF!>80,"CEK KEMBALI","OKE") -> #REF!
A26: 16 | B26: =' TRAFO 30% no print'!B29 -> BOGOR | C26: =' TRAFO 30% no print'!C29 -> KTLPA | D26: =' TRAFO 30% no print'!D29 -> 1 | E26: =' TRAFO 30% no print'!E29 -> 60 | F26: =' TRAFO 30% no print'!F29 -> 150/20 | G26: =' TRAFO 30% no print'!G29 -> 1732 | H26: =' TRAFO 30% no print'!Z29 -> 486.32005 | I26: =' TRAFO 30% no print'!AA29 -> 28.078525 | J26: ='[132] TRAFO 30% no print'!AD29 -> Malam | N26: =IF(#REF!>=80,"B","K") -> #REF! | O26: =IF(#REF!>=80,"B","K") -> #REF! | Q26: =(#REF!/G26)*100 -> #REF! | R26: =#REF!/G26*100 -> #REF! | T26: =IF(Q26=#REF!,"BETUL","salah") -> #REF! | U26: =IF(#REF!=R26,"BETUL","SALAH") -> #REF! | V26: =IF(#REF!>80,"CEK KEMBALI","OKE") -> #REF! | W26: =IF(#REF!>80,"CEK KEMBALI","OKE") -> #REF!
A27: 17 | B27: =' TRAFO 30% no print'!B30 -> BOGOR | C27: =' TRAFO 30% no print'!C30 -> KTLPA | D27: =' TRAFO 30% no print'!D30 -> 2 | E27: =' TRAFO 30% no print'!E30 -> 60 | F27: =' TRAFO 30% no print'!F30 -> 150/20 | G27: =' TRAFO 30% no print'!G30 -> 1732 | H27: =' TRAFO 30% no print'!Z30 -> 176.2163 | I27: =' TRAFO 30% no print'!AA30 -> 10.174151 | J27: ='[132] TRAFO 30% no print'!AD30 -> Siang | N27: =IF(#REF!>=80,"B","K") -> #REF! | O27: =IF(#REF!>=80,"B","K") -> #REF! | Q27: =(#REF!/G27)*100 -> #REF! | R27: =#REF!/G27*100 -> #REF! | T27: =IF(Q27=#REF!,"BETUL","salah") -> #REF! | U27: =IF(#REF!=R27,"BETUL","SALAH") -> #REF! | V27: =IF(#REF!>80,"CEK KEMBALI","OKE") -> #REF! | W27: =IF(#REF!>80,"CEK KEMBALI","OKE") -> #REF!
A28: 18 | B28: =' TRAFO 30% no print'!B31 -> CIMAHI | C28: =' TRAFO 30% no print'!C31 -> LGDAR | D28: =' TRAFO 30% no print'!D31 -> 1 | E28: =' TRAFO 30% no print'!E31 -> 60 | F28: =' TRAFO 30% no print'!F31 -> 150/20 | G28: =' TRAFO 30% no print'!G31 -> 1732 | H28: =' TRAFO 30% no print'!Z31 -> 430.52706 | I28: =' TRAFO 30% no print'!AA31 -> 24.85722 | J28: ='[132] TRAFO 30% no print'!AD31 -> Siang | N28: =IF(#REF!>=80,"B","K") -> #REF! | O28: =IF(#REF!>=80,"B","K") -> #REF! | Q28: =(#REF!/G28)*100 -> #REF! | R28: =#REF!/G28*100 -> #REF! | T28: =IF(Q28=#REF!,"BETUL","salah") -> #REF! | U28: =IF(#REF!=R28,"BETUL","SALAH") -> #REF! | V28: =IF(#REF!>80,"CEK KEMBALI","OKE") -> #REF! | W28: =IF(#REF!>80,"CEK KEMBALI","OKE") -> #REF!
A29: 19 | B29: =' TRAFO 30% no print'!B32 -> CIREBON | C29: =' TRAFO 30% no print'!C32 -> ARJWN | D29: =' TRAFO 30% no print'!D32 -> 2 | E29: =' TRAFO 30% no print'!E32 -> 30 | F29: =' TRAFO 30% no print'!F32 -> 70/20 | G29: =' TRAFO 30% no print'!G32 -> 866 | H29: =' TRAFO 30% no print'!Z32 -> 252.4451 | I29: =' TRAFO 30% no print'!AA32 -> 29.150705 | J29: ='[132] TRAFO 30% no print'!AD32 -> Malam | N29: =IF(#REF!>=80,"B","K") -> #REF! | O29: =IF(#REF!>=80,"B","K") -> #REF! | Q29: =(#REF!/G29)*100 -> #REF! | R29: =#REF!/G29*100 -> #REF! | T29: =IF(Q29=#REF!,"BETUL","salah") -> #REF! | U29: =IF(#REF!=R29,"BETUL","SALAH") -> #REF! | V29: =IF(#REF!>80,"CEK KEMBALI","OKE") -> #REF! | W29: =IF(#REF!>80,"CEK KEMBALI","OKE") -> #REF!
A30: 20 | B30: =' TRAFO 30% no print'!B33 -> CIREBON | C30: =' TRAFO 30% no print'!C33 -> NARJW | D30: =' TRAFO 30% no print'!D33 -> 1 | E30: =' TRAFO 30% no print'!E33 -> 60 | F30: =' TRAFO 30% no print'!F33 -> 150/20 | G30: =' TRAFO 30% no print'!G33 -> 1732 | H30: =' TRAFO 30% no print'!Z33 -> 416.72638 | I30: =' TRAFO 30% no print'!AA33 -> 24.060415 | J30: ='[132] TRAFO 30% no print'!AD33 -> Malam | N30: =IF(#REF!>=80,"B","K") -> #REF! | O30: =IF(#REF!>=80,"B","K") -> #REF! | Q30: =(#REF!/G30)*100 -> #REF! | R30: =#REF!/G30*100 -> #REF! | T30: =IF(Q30=#REF!,"BETUL","salah") -> #REF! | U30: =IF(#REF!=R30,"BETUL","SALAH") -> #REF! | V30: =IF(#REF!>80,"CEK KEMBALI","OKE") -> #REF! | W30: =IF(#REF!>80,"CEK KEMBALI","OKE") -> #REF!
A31: 21 | B31: =' TRAFO 30% no print'!B34 -> INDRAMAYU | C31: =' TRAFO 30% no print'!C34 -> CKDNG | D31: =' TRAFO 30% no print'!D34 -> 1 | E31: =' TRAFO 30% no print'!E34 -> 60 | F31: =' TRAFO 30% no print'!F34 -> 150/20 | G31: =' TRAFO 30% no print'!G34 -> 1732 | H31: =' TRAFO 30% no print'!Z34 -> 467.94746 | I31: =' TRAFO 30% no print'!AA34 -> 27.017752 | J31: ='[132] TRAFO 30% no print'!AD34 -> Malam | N31: =IF(#REF!>=80,"B","K") -> #REF! | O31: =IF(#REF!>=80,"B","K") -> #REF! | Q31: =(#REF!/G31)*100 -> #REF! | R31: =#REF!/G31*100 -> #REF! | T31: =IF(Q31=#REF!,"BETUL","salah") -> #REF! | U31: =IF(#REF!=R31,"BETUL","SALAH") -> #REF! | V31: =IF(#REF!>80,"CEK KEMBALI","OKE") -> #REF! | W31: =IF(#REF!>80,"CEK KEMBALI","OKE") -> #REF!
A32: 22 | B32: =' TRAFO 30% no print'!B35 -> DEPOK | C32: =' TRAFO 30% no print'!C35 -> CMGIS | D32: =' TRAFO 30% no print'!D35 -> 4 | E32: =' TRAFO 30% no print'!E35 -> 60 | F32: =' TRAFO 30% no print'!F35 -> 150/22 | G32: =' TRAFO 30% no print'!G35 -> 1573 | H32: =' TRAFO 30% no print'!Z35 -> 169.78 | I32: =' TRAFO 30% no print'!AA35 -> 10.793389 | J32: ='[132] TRAFO 30% no print'!AD35 -> Siang | N32: =IF(#REF!>=80,"B","K") -> #REF! | O32: =IF(#REF!>=80,"B","K") -> #REF! | Q32: =(#REF!/G32)*100 -> #REF! | R32: =#REF!/G32*100 -> #REF! | T32: =IF(Q32=#REF!,"BETUL","salah") -> #REF! | U32: =IF(#REF!=R32,"BETUL","SALAH") -> #REF! | V32: =IF(#REF!>80,"CEK KEMBALI","OKE") -> #REF! | W32: =IF(#REF!>80,"CEK KEMBALI","OKE") -> #REF!
A33: 23 | B33: =' TRAFO 30% no print'!B36 -> DEPOK | C33: =' TRAFO 30% no print'!C36 -> DPBR2 | D33: =' TRAFO 30% no print'!D36 -> 3 | E33: =' TRAFO 30% no print'!E36 -> 60 | F33: =' TRAFO 30% no print'!F36 -> 150/20 | G33: =' TRAFO 30% no print'!G36 -> 1732 | H33: =' TRAFO 30% no print'!Z36 -> 0 | I33: =' TRAFO 30% no print'!AA36 -> 0 | J33: ='[132] TRAFO 30% no print'!AD36 -> Siang | N33: =IF(#REF!>=80,"B","K") -> #REF! | O33: =IF(#REF!>=80,"B","K") -> #REF! | Q33: =(#REF!/G33)*100 -> #REF! | R33: =#REF!/G33*100 -> #REF! | T33: =IF(Q33=#REF!,"BETUL","salah") -> #REF! | U33: =IF(#REF!=R33,"BETUL","SALAH") -> #REF! | V33: =IF(#REF!>80,"CEK KEMBALI","OKE") -> #REF! | W33: =IF(#REF!>80,"CEK KEMBALI","OKE") -> #REF!
A34: 24 | B34: =' TRAFO 30% no print'!B37 -> DEPOK | C34: =' TRAFO 30% no print'!C37 -> SSKAN | D34: =' TRAFO 30% no print'!D37 -> 1 | E34: =' TRAFO 30% no print'!E37 -> 60 | F34: =' TRAFO 30% no print'!F37 -> 150/20 | G34: =' TRAFO 30% no print'!G37 -> 1732 | H34: =' TRAFO 30% no print'!Z37 -> 462.38548 | I34: =' TRAFO 30% no print'!AA37 -> 26.696621 | J34: ='[132] TRAFO 30% no print'!AD37 -> Malam | N34: =IF(#REF!>=80,"B","K") -> #REF! | O34: =IF(#REF!>=80,"B","K") -> #REF! | Q34: =(#REF!/G34)*100 -> #REF! | R34: =#REF!/G34*100 -> #REF! | T34: =IF(Q34=#REF!,"BETUL","salah") -> #REF! | U34: =IF(#REF!=R34,"BETUL","SALAH") -> #REF! | V34: =IF(#REF!>80,"CEK KEMBALI","OKE") -> #REF! | W34: =IF(#REF!>80,"CEK KEMBALI","OKE") -> #REF!
A35: 25 | B35: =' TRAFO 30% no print'!B38 -> GARUT | C35: =' TRAFO 30% no print'!C38 -> GARUT | D35: =' TRAFO 30% no print'!D38 -> 1 | E35: =' TRAFO 30% no print'!E38 -> 60 | F35: =' TRAFO 30% no print'!F38 -> 150/20 | G35: =' TRAFO 30% no print'!G38 -> 1732 | H35: =' TRAFO 30% no print'!Z38 -> 370.41084 | I35: =' TRAFO 30% no print'!AA38 -> 21.386307 | N35: =IF(#REF!>=80,"B","K") -> #REF! | O35: =IF(#REF!>=80,"B","K") -> #REF! | Q35: =(#REF!/G35)*100 -> #REF! | R35: =#REF!/G35*100 -> #REF! | T35: =IF(Q35=#REF!,"BETUL","salah") -> #REF! | U35: =IF(#REF!=R35,"BETUL","SALAH") -> #REF! | V35: =IF(#REF!>80,"CEK KEMBALI","OKE") -> #REF! | W35: =IF(#REF!>80,"CEK KEMBALI","OKE") -> #REF!
A36: 26 | B36: =' TRAFO 30% no print'!B39 -> GARUT | C36: =' TRAFO 30% no print'!C39 -> GARUT | D36: =' TRAFO 30% no print'!D39 -> 3 | E36: =' TRAFO 30% no print'!E39 -> 60 | F36: =' TRAFO 30% no print'!F39 -> 150/20 | G36: =' TRAFO 30% no print'!G39 -> 1732 | H36: =' TRAFO 30% no print'!Z39 -> 488.20517 | I36: =' TRAFO 30% no print'!AA39 -> 28.187365 | N36: =IF(#REF!>=80,"B","K") -> #REF! | O36: =IF(#REF!>=80,"B","K") -> #REF! | Q36: =(#REF!/G36)*100 -> #REF! | R36: =#REF!/G36*100 -> #REF! | T36: =IF(Q36=#REF!,"BETUL","salah") -> #REF! | U36: =IF(#REF!=R36,"BETUL","SALAH") -> #REF! | V36: =IF(#REF!>80,"CEK KEMBALI","OKE") -> #REF! | W36: =IF(#REF!>80,"CEK KEMBALI","OKE") -> #REF!
A37: 27 | B37: =' TRAFO 30% no print'!B40 -> GARUT | C37: =' TRAFO 30% no print'!C40 -> MLBNG | D37: =' TRAFO 30% no print'!D40 -> 1 | E37: =' TRAFO 30% no print'!E40 -> 30 | F37: =' TRAFO 30% no print'!F40 -> 70/20 | G37: =' TRAFO 30% no print'!G40 -> 866 | H37: =' TRAFO 30% no print'!Z40 -> 245.28718 | I37: =' TRAFO 30% no print'!AA40 -> 28.324155 | N37: =IF(#REF!>=80,"B","K") -> #REF! | O37: =IF(#REF!>=80,"B","K") -> #REF! | Q37: =(#REF!/G37)*100 -> #REF! | R37: =#REF!/G37*100 -> #REF! | T37: =IF(Q37=#REF!,"BETUL","salah") -> #REF! | U37: =IF(#REF!=R37,"BETUL","SALAH") -> #REF! | V37: =IF(#REF!>80,"CEK KEMBALI","OKE") -> #REF! | W37: =IF(#REF!>80,"CEK KEMBALI","OKE") -> #REF!
A38: 28 | B38: =' TRAFO 30% no print'!B41 -> GARUT | C38: =' TRAFO 30% no print'!C41 -> PMPEK | D38: =' TRAFO 30% no print'!D41 -> 2 | E38: =' TRAFO 30% no print'!E41 -> 30 | F38: =' TRAFO 30% no print'!F41 -> 70/20 | G38: =' TRAFO 30% no print'!G41 -> 866 | H38: =' TRAFO 30% no print'!Z41 -> 162.37617 | I38: =' TRAFO 30% no print'!AA41 -> 18.750135 | N38: =IF(#REF!>=80,"B","K") -> #REF! | O38: =IF(#REF!>=80,"B","K") -> #REF! | Q38: =(#REF!/G38)*100 -> #REF! | R38: =#REF!/G38*100 -> #REF! | T38: =IF(Q38=#REF!,"BETUL","salah") -> #REF! | U38: =IF(#REF!=R38,"BETUL","SALAH") -> #REF! | V38: =IF(#REF!>80,"CEK KEMBALI","OKE") -> #REF! | W38: =IF(#REF!>80,"CEK KEMBALI","OKE") -> #REF!
A39: 29 | B39: =' TRAFO 30% no print'!B42 -> GARUT | C39: =' TRAFO 30% no print'!C42 -> PMPEK | D39: =' TRAFO 30% no print'!D42 -> 3 | E39: =' TRAFO 30% no print'!E42 -> 30 | F39: =' TRAFO 30% no print'!F42 -> 70/20 | G39: =' TRAFO 30% no print'!G42 -> 866 | H39: =' TRAFO 30% no print'!Z42 -> 116.62684 | I39: =' TRAFO 30% no print'!AA42 -> 13.467303 | N39: =IF(#REF!>=80,"B","K") -> #REF! | O39: =IF(#REF!>=80,"B","K") -> #REF! | Q39: =(#REF!/G39)*100 -> #REF! | R39: =#REF!/G39*100 -> #REF! | T39: =IF(Q39=#REF!,"BETUL","salah") -> #REF! | U39: =IF(#REF!=R39,"BETUL","SALAH") -> #REF! | V39: =IF(#REF!>80,"CEK KEMBALI","OKE") -> #REF! | W39: =IF(#REF!>80,"CEK KEMBALI","OKE") -> #REF!
A40: 30 | B40: =' TRAFO 30% no print'!B43 -> GARUT | C40: =' TRAFO 30% no print'!C43 -> SMDRA | D40: =' TRAFO 30% no print'!D43 -> 2 | E40: =' TRAFO 30% no print'!E43 -> 30 | F40: =' TRAFO 30% no print'!F43 -> 70/20 | G40: =' TRAFO 30% no print'!G43 -> 866 | H40: =' TRAFO 30% no print'!Z43 -> 129.57848 | I40: =' TRAFO 30% no print'!AA43 -> 14.962873 | N40: =IF(#REF!>=80,"B","K") -> #REF! | O40: =IF(#REF!>=80,"B","K") -> #REF! | Q40: =(#REF!/G40)*100 -> #REF! | R40: =#REF!/G40*100 -> #REF! | T40: =IF(Q40=#REF!,"BETUL","salah") -> #REF! | U40: =IF(#REF!=R40,"BETUL","SALAH") -> #REF! | V40: =IF(#REF!>80,"CEK KEMBALI","OKE") -> #REF! | W40: =IF(#REF!>80,"CEK KEMBALI","OKE") -> #REF!
A41: 31 | B41: =' TRAFO 30% no print'!B44 -> KARAWANG | C41: =' TRAFO 30% no print'!C44 -> KRPYG | D41: =' TRAFO 30% no print'!D44 -> 1 | E41: =' TRAFO 30% no print'!E44 -> 60 | F41: =' TRAFO 30% no print'!F44 -> 150/20 | G41: =' TRAFO 30% no print'!G44 -> 1732 | H41: =' TRAFO 30% no print'!Z44 -> 494.82162 | I41: =' TRAFO 30% no print'!AA44 -> 28.569378 | N41: =IF(#REF!>=80,"B","K") -> #REF! | O41: =IF(#REF!>=80,"B","K") -> #REF! | Q41: =(#REF!/G41)*100 -> #REF! | R41: =#REF!/G41*100 -> #REF! | T41: =IF(Q41=#REF!,"BETUL","salah") -> #REF! | U41: =IF(#REF!=R41,"BETUL","SALAH") -> #REF! | V41: =IF(#REF!>80,"CEK KEMBALI","OKE") -> #REF! | W41: =IF(#REF!>80,"CEK KEMBALI","OKE") -> #REF!
A42: 32 | B42: =' TRAFO 30% no print'!B45 -> KARAWANG | C42: =' TRAFO 30% no print'!C45 -> KRPYG | D42: =' TRAFO 30% no print'!D45 -> 2 | E42: =' TRAFO 30% no print'!E45 -> 60 | F42: =' TRAFO 30% no print'!F45 -> 150/20 | G42: =' TRAFO 30% no print'!G45 -> 1732 | H42: =' TRAFO 30% no print'!Z45 -> 185.41851 | I42: =' TRAFO 30% no print'!AA45 -> 10.705457 | N42: =IF(#REF!>=80,"B","K") -> #REF! | O42: =IF(#REF!>=80,"B","K") -> #REF! | Q42: =(#REF!/G42)*100 -> #REF! | R42: =#REF!/G42*100 -> #REF! | T42: =IF(Q42=#REF!,"BETUL","salah") -> #REF! | U42: =IF(#REF!=R42,"BETUL","SALAH") -> #REF! | V42: =IF(#REF!>80,"CEK KEMBALI","OKE") -> #REF! | W42: =IF(#REF!>80,"CEK KEMBALI","OKE") -> #REF!
A43: 33 | B43: =' TRAFO 30% no print'!B46 -> KARAWANG | C43: =' TRAFO 30% no print'!C46 -> KSBRU | D43: =' TRAFO 30% no print'!D46 -> 5 | E43: =' TRAFO 30% no print'!E46 -> 60 | F43: =' TRAFO 30% no print'!F46 -> 150/20 | G43: =' TRAFO 30% no print'!G46 -> 1732 | H43: =' TRAFO 30% no print'!Z46 -> 377.04768 | I43: =' TRAFO 30% no print'!AA46 -> 21.769496 | N43: =IF(#REF!>=80,"B","K") -> #REF! | O43: =IF(#REF!>=80,"B","K") -> #REF! | Q43: =(#REF!/G43)*100 -> #REF! | R43: =#REF!/G43*100 -> #REF! | T43: =IF(Q43=#REF!,"BETUL","salah") -> #REF! | U43: =IF(#REF!=R43,"BETUL","SALAH") -> #REF! | V43: =IF(#REF!>80,"CEK KEMBALI","OKE") -> #REF! | W43: =IF(#REF!>80,"CEK KEMBALI","OKE") -> #REF!
A44: 34 | B44: =' TRAFO 30% no print'!B47 -> KARAWANG | C44: =' TRAFO 30% no print'!C47 -> KSBRU | D44: =' TRAFO 30% no print'!D47 -> 7 | E44: =' TRAFO 30% no print'!E47 -> 60 | F44: =' TRAFO 30% no print'!F47 -> 150/20 | G44: =' TRAFO 30% no print'!G47 -> 1732 | H44: =' TRAFO 30% no print'!Z47 -> 471.48468 | I44: =' TRAFO 30% no print'!AA47 -> 27.221979 | N44: =IF(#REF!>=80,"B","K") -> #REF! | O44: =IF(#REF!>=80,"B","K") -> #REF! | Q44: =(#REF!/G44)*100 -> #REF! | R44: =#REF!/G44*100 -> #REF! | T44: =IF(Q44=#REF!,"BETUL","salah") -> #REF! | U44: =IF(#REF!=R44,"BETUL","SALAH") -> #REF! | V44: =IF(#REF!>80,"CEK KEMBALI","OKE") -> #REF! | W44: =IF(#REF!>80,"CEK KEMBALI","OKE") -> #REF!
A45: 35 | B45: =' TRAFO 30% no print'!B48 -> KARAWANG | C45: =' TRAFO 30% no print'!C48 -> MKSRI | D45: =' TRAFO 30% no print'!D48 -> 3 | E45: =' TRAFO 30% no print'!E48 -> 60 | F45: =' TRAFO 30% no print'!F48 -> 150/20 | G45: =' TRAFO 30% no print'!G48 -> 1732 | H45: =' TRAFO 30% no print'!Z48 -> 88.561999 | I45: =' TRAFO 30% no print'!AA48 -> 5.1132794 | N45: =IF(#REF!>=80,"B","K") -> #REF! | O45: =IF(#REF!>=80,"B","K") -> #REF! | Q45: =(#REF!/G45)*100 -> #REF! | R45: =#REF!/G45*100 -> #REF! | T45: =IF(Q45=#REF!,"BETUL","salah") -> #REF! | U45: =IF(#REF!=R45,"BETUL","SALAH") -> #REF! | V45: =IF(#REF!>80,"CEK KEMBALI","OKE") -> #REF! | W45: =IF(#REF!>80,"CEK KEMBALI","OKE") -> #REF!
A46: 36 | B46: =' TRAFO 30% no print'!B49 -> KARAWANG | C46: =' TRAFO 30% no print'!C49 -> MKSRI | D46: =' TRAFO 30% no print'!D49 -> 4 | E46: =' TRAFO 30% no print'!E49 -> 60 | F46: =' TRAFO 30% no print'!F49 -> 150/20 | G46: =' TRAFO 30% no print'!G49 -> 1732 | H46: =' TRAFO 30% no print'!Z49 -> 302.4489 | I46: =' TRAFO 30% no print'!AA49 -> 17.462408 | N46: =IF(#REF!>=80,"B","K") -> #REF! | O46: =IF(#REF!>=80,"B","K") -> #REF! | Q46: =(#REF!/G46)*100 -> #REF! | R46: =#REF!/G46*100 -> #REF! | T46: =IF(Q46=#REF!,"BETUL","salah") -> #REF! | U46: =IF(#REF!=R46,"BETUL","SALAH") -> #REF! | V46: =IF(#REF!>80,"CEK KEMBALI","OKE") -> #REF! | W46: =IF(#REF!>80,"CEK KEMBALI","OKE") -> #REF!
... A73: 63 | B73: =' TRAFO 30% no print'!B76 -> TASIKMALAYA | C73: =' TRAFO 30% no print'!C76 -> TSMYA | D73: =' TRAFO 30% no print'!D76 -> 2 | E73: =' TRAFO 30% no print'!E76 -> 60 | F73: =' TRAFO 30% no print'!F76 -> 150/20 | G73: =' TRAFO 30% no print'!G76 -> 1732 | H73: =' TRAFO 30% no print'!Z76 -> 237.25657 | I73: =' TRAFO 30% no print'!AA76 -> 13.698416 | N73: =IF(#REF!>=80,"B","K") -> #REF! | O73: =IF(#REF!>=80,"B","K") -> #REF! | Q73: =(#REF!/G73)*100 -> #REF! | R73: =#REF!/G73*100 -> #REF! | T73: =IF(Q73=#REF!,"BETUL","salah") -> #REF! | U73: =IF(#REF!=R73,"BETUL","SALAH") -> #REF! | V73: =IF(#REF!>80,"CEK KEMBALI","OKE") -> #REF! | W73: =IF(#REF!>80,"CEK KEMBALI","OKE") -> #REF!

Sheet  TRAFO 0% PRINT
B2: BEBAN TRAFO GARDU INDUK DISTRIBUSI JABAR & BANTEN
A7: LAMPIRAN XI.1 b
A8: BEBAN NOL TRAFO GARDU INDUK UNIT INDUK DISTRIBUSI JAWA BARAT
A9: APRIL 2022
A11: N0 | B11: UP3 | C11: GI | D11: TRF | E11: DAYA | F11: TGN | G11: I-NOM | H11: =' TRAFO 30% PRINT'!H8:J8 -> April | J11: KETERANGAN
H12: Beban
F13: (kV) | H13: A | I13: %
A14: 1 | B14: =' TRAFO 0% no print'!B14 -> BEKASI | C14: =' TRAFO 0% no print'!C14 -> NPCLR | D14: =' TRAFO 0% no print'!D14 -> 1 | E14: =' TRAFO 0% no print'!E14 -> 60 | F14: =' TRAFO 0% no print'!F14 -> 150/20 | G14: =' TRAFO 0% no print'!G14 -> 1732 | H14: =' TRAFO 0% no print'!Z14 -> 0 | I14: =' TRAFO 0% no print'!AA14 -> 0 | M14: =IF(#REF!>=80,"B","K") -> #REF! | N14: =IF(#REF!>=80,"B","K") -> #REF! | P14: =(#REF!/G14)*100 -> #REF! | Q14: =#REF!/G14*100 -> #REF! | S14: =IF(P14=#REF!,"BETUL","salah") -> #REF! | T14: #REF! | U14: =IF(#REF!>80,"CEK KEMBALI","OKE") -> #REF! | V14: =IF(#REF!>80,"CEK KEMBALI","OKE") -> #REF!
A15: 2 | B15: =' TRAFO 0% no print'!B15 -> BEKASI | C15: =' TRAFO 0% no print'!C15 -> NPCLR | D15: =' TRAFO 0% no print'!D15 -> 2 | E15: =' TRAFO 0% no print'!E15 -> 60 | F15: =' TRAFO 0% no print'!F15 -> 150/20 | G15: =' TRAFO 0% no print'!G15 -> 1732 | H15: =' TRAFO 0% no print'!Z15 -> 0 | I15: =' TRAFO 0% no print'!AA15 -> 0 | M15: =IF(#REF!>=80,"B","K") -> #REF! | N15: =IF(#REF!>=80,"B","K") -> #REF! | P15: =(#REF!/G15)*100 -> #REF! | Q15: =#REF!/G15*100 -> #REF! | S15: =IF(P15=#REF!,"BETUL","salah") -> #REF! | T15: =IF(#REF!=Q15,"BETUL","SALAH") -> #REF! | U15: =IF(#REF!>80,"CEK KEMBALI","OKE") -> #REF! | V15: =IF(#REF!>80,"CEK KEMBALI","OKE") -> #REF!
A16: 3 | B16: =' TRAFO 0% no print'!B16 -> DEPOK | C16: =' TRAFO 0% no print'!C16 -> DPBR2 | D16: =' TRAFO 0% no print'!D16 -> 3 | E16: =' TRAFO 0% no print'!E16 -> 60 | F16: =' TRAFO 0% no print'!F16 -> 150/20 | G16: =' TRAFO 0% no print'!G16 -> 1732 | H16: =' TRAFO 0% no print'!Z16 -> 0 | I16: =' TRAFO 0% no print'!AA16 -> 0 | M16: =IF(#REF!>=80,"B","K") -> #REF! | N16: =IF(#REF!>=80,"B","K") -> #REF! | P16: =(#REF!/G16)*100 -> #REF! | Q16: =#REF!/G16*100 -> #REF! | S16: =IF(P16=#REF!,"BETUL","salah") -> #REF! | T16: =IF(#REF!=Q16,"BETUL","SALAH") -> #REF! | U16: =IF(#REF!>80,"CEK KEMBALI","OKE") -> #REF! | V16: =IF(#REF!>80,"CEK KEMBALI","OKE") -> #REF!
A17: 4 | B17: =' TRAFO 0% no print'!B17 -> MAJALAYA | C17: =' TRAFO 0% no print'!C17 -> CKSKA | D17: =' TRAFO 0% no print'!D17 -> 4 | E17: =' TRAFO 0% no print'!E17 -> 60 | F17: =' TRAFO 0% no print'!F17 -> 150/20 | G17: =' TRAFO 0% no print'!G17 -> 1732 | H17: =' TRAFO 0% no print'!Z17 -> 0 | I17: =' TRAFO 0% no print'!AA17 -> 0 | M17: =IF(#REF!>=80,"B","K") -> #REF! | N17: =IF(#REF!>=80,"B","K") -> #REF! | P17: =(#REF!/G17)*100 -> #REF! | Q17: =#REF!/G17*100 -> #REF! | S17: =IF(P17=#REF!,"BETUL","salah") -> #REF! | T17: =IF(#REF!=Q17,"BETUL","SALAH") -> #REF! | U17: =IF(#REF!>80,"CEK KEMBALI","OKE") -> #REF! | V17: =IF(#REF!>80,"CEK KEMBALI","OKE") -> #REF!
A18: 5 | B18: =' TRAFO 0% no print'!B18 -> PURWAKARTA | C18: =' TRAFO 0% no print'!C18 -> CRBRU | D18: =' TRAFO 0% no print'!D18 -> 4 | E18: =' TRAFO 0% no print'!E18 -> 60 | F18: =' TRAFO 0% no print'!F18 -> 150/20 | G18: =' TRAFO 0% no print'!G18 -> 1732 | H18: =' TRAFO 0% no print'!Z18 -> 0 | I18: =' TRAFO 0% no print'!AA18 -> 0 | M18: =IF(#REF!>=80,"B","K") -> #REF! | N18: =IF(#REF!>=80,"B","K") -> #REF! | P18: =(#REF!/G18)*100 -> #REF! | Q18: =#REF!/G18*100 -> #REF! | S18: =IF(P18=#REF!,"BETUL","salah") -> #REF! | T18: =IF(#REF!=Q18,"BETUL","SALAH") -> #REF! | U18: =IF(#REF!>80,"CEK KEMBALI","OKE") -> #REF! | V18: =IF(#REF!>80,"CEK KEMBALI","OKE") -> #REF!
A19: 6 | B19: =' TRAFO 0% no print'!B19 -> SUKABUMI | C19: =' TRAFO 0% no print'!C19 -> PRATU | D19: =' TRAFO 0% no print'!D19 -> 1 | E19: =' TRAFO 0% no print'!E19 -> 30 | F19: =' TRAFO 0% no print'!F19 -> 70/20 | G19: =' TRAFO 0% no print'!G19 -> 866 | H19: =' TRAFO 0% no print'!Z19 -> 0 | I19: =' TRAFO 0% no print'!AA19 -> 0 | M19: =IF(#REF!>=80,"B","K") -> #REF! | N19: =IF(#REF!>=80,"B","K") -> #REF! | P19: =(#REF!/G19)*100 -> #REF! | Q19: =#REF!/G19*100 -> #REF! | S19: =IF(P19=#REF!,"BETUL","salah") -> #REF! | T19: =IF(#REF!=Q19,"BETUL","SALAH") -> #REF! | U19: =IF(#REF!>80,"CEK KEMBALI","OKE") -> #REF! | V19: =IF(#REF!>80,"CEK KEMBALI","OKE") -> #REF!
A20: 7 | B20: =' TRAFO 0% no print'!B20 -> SUMEDANG | C20: =' TRAFO 0% no print'!C20 -> SMDNG | D20: =' TRAFO 0% no print'!D20 -> 1 | E20: =' TRAFO 0% no print'!E20 -> 10 | F20: =' TRAFO 0% no print'!F20 -> 70/20 | G20: =' TRAFO 0% no print'!G20 -> 288 | H20: =' TRAFO 0% no print'!Z20 -> 0 | I20: =' TRAFO 0% no print'!AA20 -> 0 | M20: =IF(#REF!>=80,"B","K") -> #REF! | N20: =IF(#REF!>=80,"B","K") -> #REF! | P20: =(#REF!/G20)*100 -> #REF! | Q20: =#REF!/G20*100 -> #REF! | S20: =IF(P20=#REF!,"BETUL","salah") -> #REF! | T20: =IF(#REF!=Q20,"BETUL","SALAH") -> #REF! | U20: =IF(#REF!>80,"CEK KEMBALI","OKE") -> #REF! | V20: =IF(#REF!>80,"CEK KEMBALI","OKE") -> #REF!

Sheet  TOTAL TRAFO 
B2: BEBAN TRAFO GARDU INDUK DISTRIBUSI JABAR & BANTEN
A7: LAMPIRAN XI.2
A8: BEBAN TRAFO GARDU INDUK UNIT INDUK DISTRIBUSI JAWA BARAT
A9: =' TRAFO 80% PRINT'!A9:J9 -> APRIL 2022
A12: N0 | B12: UP3 | C12: GI | D12: TRF | E12: DAYA | F12: TGN | G12: I-NOM | H12: April | Q12: LOKASI | R12: KETERANGAN
H13: Tertinggi Siang | J13: Rata-Rata Siang | L13: Tertinggi Malam | N13: Rata-Rata Malam | P13: Tegangan Rata-Rata
F14: (kV) | H14: A | I14: % | J14: A | K14: % | L14: A | M14: % | N14: A | O14: %
A15: 1 | B15: BANDUNG | C15: BDUTR | D15: 1 | E15: 60 | F15: 150/20 | G15: 1732 | H15: 912.7584 | I15: 52.699677 | J15: 715.03727 | K15: 41.283907 | L15: 901.65454 | M15: 52.058576 | N15: 668.29474 | O15: 38.585147 | P15: 20.663192 | Q15: Wilayah Bandung kota bag.utara | R15: Uprating 24/07/2007 | U15: =IF(#REF!>=80,"B","K") -> #REF! | V15: =IF(#REF!>=80,"B","K") -> #REF! | X15: =(#REF!/G15)*100 -> #REF! | Y15: =#REF!/G15*100 -> #REF! | AA15: =IF(X15=#REF!,"BETUL","salah") -> #REF! | AB15: =IF(#REF!=Y15,"BETUL","SALAH") -> #REF! | AC15: =IF(#REF!>80,"CEK KEMBALI","OKE") -> #REF! | AD15: =IF(#REF!>80,"CEK KEMBALI","OKE") -> #REF! | AF15: =IF(AG15=G15,"OK","GGGEEEELLLLL") -> OK | AG15: =IF(E15=30,866,IF(E15=60,1732,IF(E15=20,577,IF(E15=10,288,IF(E15=15,433,"CEK"))))) -> 1732
A16: 2 | B16: BANDUNG | C16: BDUTR | D16: 3 | E16: 60 | F16: 150/20 | G16: 1732 | H16: 994.90033 | I16: 57.442282 | J16: 693.82454 | K16: 40.059153 | L16: 902.21134 | M16: 52.090724 | N16: 567.81749 | O16: 32.78392 | P16: 20.338059 | Q16: Bandung Pusat Kota | U16: =IF(#REF!>=80,"B","K") -> #REF! | V16: =IF(#REF!>=80,"B","K") -> #REF! | X16: =(#REF!/G16)*100 -> #REF! | Y16: =#REF!/G16*100 -> #REF! | AA16: =IF(X16=#REF!,"BETUL","salah") -> #REF! | AB16: =IF(#REF!=Y16,"BETUL","SALAH") -> #REF! | AC16: =IF(#REF!>80,"CEK KEMBALI","OKE") -> #REF! | AD16: =IF(#REF!>80,"CEK KEMBALI","OKE") -> #REF! | AF16: =IF(AG16=G16,"OK","GGGEEEELLLLL") -> OK | AG16: =IF(E16=30,866,IF(E16=60,1732,IF(E16=20,577,IF(E16=10,288,IF(E16=15,433,"CEK"))))) -> 1732
A17: 3 | B17: BANDUNG | C17: BDUTR | D17: 4 | E17: 60 | F17: 150/20 | G17: 1732 | H17: 1058.4292 | I17: 61.110233 | J17: 807.04511 | K17: 46.596138 | L17: 1035.1983 | M17: 59.768955 | N17: 755.52633 | O17: 43.621612 | P17: 20.593493 | Q17: Bandung Pusat Kota | U17: =IF(#REF!>=80,"B","K") -> #REF! | V17: =IF(#REF!>=80,"B","K") -> #REF! | X17: =(#REF!/G17)*100 -> #REF! | Y17: =#REF!/G17*100 -> #REF! | AA17: =IF(X17=#REF!,"BETUL","salah") -> #REF! | AB17: =IF(#REF!=Y17,"BETUL","SALAH") -> #REF! | AC17: =IF(#REF!>80,"CEK KEMBALI","OKE") -> #REF! | AD17: =IF(#REF!>80,"CEK KEMBALI","OKE") -> #REF! | AF17: =IF(AG17=G17,"OK","GGGEEEELLLLL") -> OK | AG17: =IF(E17=30,866,IF(E17=60,1732,IF(E17=20,577,IF(E17=10,288,IF(E17=15,433,"CEK"))))) -> 1732
A18: 4 | B18: BANDUNG | C18: BDUTR | D18: 5 | E18: 60 | F18: 150/20 | G18: 1731 | H18: 639.88232 | I18: 36.96605 | J18: 522.63519 | K18: 30.192674 | L18: 639.80381 | M18: 36.961514 | N18: 474.18029 | O18: 27.393431 | P18: 20.571717 | Q18: Bandung Pusat Kota, Lembang | U18: =IF(#REF!>=80,"B","K") -> #REF! | V18: =IF(#REF!>=80,"B","K") -> #REF! | X18: =(#REF!/G18)*100 -> #REF! | Y18: =#REF!/G18*100 -> #REF! | AA18: =IF(X18=#REF!,"BETUL","salah") -> #REF! | AB18: =IF(#REF!=Y18,"BETUL","SALAH") -> #REF! | AC18: =IF(#REF!>80,"CEK KEMBALI","OKE") -> #REF! | AD18: =IF(#REF!>80,"CEK KEMBALI","OKE") -> #REF! | AF18: =IF(AG18=G18,"OK","GGGEEEELLLLL") -> GGGEEEELLLLL | AG18: =IF(E18=30,866,IF(E18=60,1732,IF(E18=20,577,IF(E18=10,288,IF(E18=15,433,"CEK"))))) -> 1732
A19: 5 | B19: BANDUNG | C19: BDTMR | D19: 1 | E19: 60 | F19: 150/20 | G19: 1732 | H19: 609.16779 | I19: 35.17135 | J19: 389.6081 | K19: 22.494694 | L19: 547.98545 | M19: 31.638883 | N19: 358.62562 | O19: 20.705867 | P19: 0 | Q19: Wilayah Bandung kota bag.utara | R19: ENERGIZE KEMBALI 31 JULI 19 | U19: =IF(#REF!>=80,"B","K") -> #REF! | V19: =IF(#REF!>=80,"B","K") -> #REF! | X19: =(#REF!/G19)*100 -> #REF! | Y19: =#REF!/G19*100 -> #REF! | AA19: =IF(X19=#REF!,"BETUL","salah") -> #REF! | AB19: =IF(#REF!=Y19,"BETUL","SALAH") -> #REF! | AC19: =IF(#REF!>80,"CEK KEMBALI","OKE") -> #REF! | AD19: =IF(#REF!>80,"CEK KEMBALI","OKE") -> #REF! | AF19: =IF(AG19=G19,"OK","GGGEEEELLLLL") -> OK | AG19: =IF(E19=30,866,IF(E19=60,1732,IF(E19=20,577,IF(E19=10,288,IF(E19=15,433,"CEK"))))) -> 1732
A20: 6 | B20: BANDUNG | C20: BDTMR | D20: 2 | E20: 60 | F20: 150/20 | G20: 1732 | H20: 609.16779 | I20: 35.17135 | J20: 389.6081 | K20: 22.494694 | L20: 547.98545 | M20: 31.638883 | N20: 358.62562 | O20: 20.705867 | P20: 0 | Q20: Wilayah Bandung kota bag.utara | R20: ENERGIZE KEMBALI 31 JULI 19 | U20: =IF(#REF!>=80,"B","K") -> #REF! | V20: =IF(#REF!>=80,"B","K") -> #REF! | X20: =(#REF!/G20)*100 -> #REF! | Y20: =#REF!/G20*100 -> #REF! | AA20: =IF(X20=#REF!,"BETUL","salah") -> #REF! | AB20: =IF(#REF!=Y20,"BETUL","SALAH") -> #REF! | AC20: =IF(#REF!>80,"CEK KEMBALI","OKE") -> #REF! | AD20: =IF(#REF!>80,"CEK KEMBALI","OKE") -> #REF! | AF20: =IF(AG20=G20,"OK","GGGEEEELLLLL") -> OK | AG20: =IF(E20=30,866,IF(E20=60,1732,IF(E20=20,577,IF(E20=10,288,IF(E20=15,433,"CEK"))))) -> 1732
A21: 7 | B21: BANDUNG | C21: BNKOK | D21: 2 | E21: 10 | F21: 70/20 | G21: 288 | H21: 0 | I21: 0 | J21: 0 | K21: 0 | L21: 0 | M21: 0 | N21: 0 | O21: 0 | P21: 20 | Q21: Lembang,Dago,Bandung Utara | U21: =IF(#REF!>=80,"B","K") -> #REF! | V21: =IF(#REF!>=80,"B","K") -> #REF! | X21: =(#REF!/G21)*100 -> #REF! | Y21: =#REF!/G21*100 -> #REF! | AA21: =IF(X21=#REF!,"BETUL","salah") -> #REF! | AB21: =IF(#REF!=Y21,"BETUL","SALAH") -> #REF! | AC21: =IF(#REF!>80,"CEK KEMBALI","OKE") -> #REF! | AD21: =IF(#REF!>80,"CEK KEMBALI","OKE") -> #REF! | AF21: =IF(AG21=G21,"OK","GGGEEEELLLLL") -> OK | AG21: =IF(E21=30,866,IF(E21=60,1732,IF(E21=20,577,IF(E21=10,288,IF(E21=15,433,"CEK"))))) -> 288
A22: 8 | B22: BANDUNG | C22: BRAGA | D22: 1 | E22: 60 | F22: 150/20 | G22: 1732 | H22: 812.4351 | I22: 46.907338 | J22: 636.50776 | K22: 36.749871 | L22: 728.23848 | M22: 42.046102 | N22: 498.71841 | O22: 28.794366 | P22: 20.577027 | Q22: Bandung Pusat Kota | U22: =IF(#REF!>=80,"B","K") -> #REF! | V22: =IF(#REF!>=80,"B","K") -> #REF! | X22: =(#REF!/G22)*100 -> #REF! | Y22: =#REF!/G22*100 -> #REF! | AA22: =IF(X22=#REF!,"BETUL","salah") -> #REF! | AB22: =IF(#REF!=Y22,"BETUL","SALAH") -> #REF! | AC22: =IF(#REF!>80,"CEK KEMBALI","OKE") -> #REF! | AD22: =IF(#REF!>80,"CEK KEMBALI","OKE") -> #REF! | AF22: =IF(AG22=G22,"OK","GGGEEEELLLLL") -> OK | AG22: =IF(E22=30,866,IF(E22=60,1732,IF(E22=20,577,IF(E22=10,288,IF(E22=15,433,"CEK"))))) -> 1732
A23: 9 | B23: BANDUNG | C23: BRAGA | D23: 2 | E23: 60 | F23: 150/20 | G23: 1732 | H23: 708.46141 | I23: 40.904238 | J23: 454.85308 | K23: 26.261725 | L23: 507.56437 | M23: 29.305102 | N23: 313.73796 | O23: 18.114201 | P23: 20.606311 | Q23: Bandung Pusat Kota | U23: =IF(#REF!>=80,"B","K") -> #REF! | V23: =IF(#REF!>=80,"B","K") -> #REF! | X23: =(#REF!/G23)*100 -> #REF! | Y23: =#REF!/G23*100 -> #REF! | AA23: =IF(X23=#REF!,"BETUL","salah") -> #REF! | AB23: =IF(#REF!=Y23,"BETUL","SALAH") -> #REF! | AC23: =IF(#REF!>80,"CEK KEMBALI","OKE") -> #REF! | AD23: =IF(#REF!>80,"CEK KEMBALI","OKE") -> #REF! | AF23: =IF(AG23=G23,"OK","GGGEEEELLLLL") -> OK | AG23: =IF(E23=30,866,IF(E23=60,1732,IF(E23=20,577,IF(E23=10,288,IF(E23=15,433,"CEK"))))) -> 1732
A24: 10 | B24: BANDUNG | C24: CGRLG | D24: 6 | E24: 60 | F24: 150/20 | G24: 1732 | H24: 1258.2502 | I24: 72.647238 | J24: 855.08939 | K24: 49.370057 | L24: 966.75647 | M24: 55.817348 | N24: 711.00048 | O24: 41.050836 | P24: 20.674182 | Q24: Kawasan Industri/umum Moh Toha | U24: =IF(#REF!>=80,"B","K") -> #REF! | V24: =IF(#REF!>=80,"B","K") -> #REF! | X24: =(#REF!/G24)*100 -> #REF! | Y24: =#REF!/G24*100 -> #REF! | AA24: =IF(X24=#REF!,"BETUL","salah") -> #REF! | AB24: =IF(#REF!=Y24,"BETUL","SALAH") -> #REF! | AC24: =IF(#REF!>80,"CEK KEMBALI","OKE") -> #REF! | AD24: =IF(#REF!>80,"CEK KEMBALI","OKE") -> #REF! | AF24: =IF(AG24=G24,"OK","GGGEEEELLLLL") -> OK | AG24: =IF(E24=30,866,IF(E24=60,1732,IF(E24=20,577,IF(E24=10,288,IF(E24=15,433,"CEK"))))) -> 1732
A25: 11 | B25: BANDUNG | C25: CGRLG | D25: 7 | E25: 60 | F25: 150/20 | G25: 1732 | H25: 1121.0155 | I25: 64.723761 | J25: 847.9999 | K25: 48.960733 | L25: 999.22225 | M25: 57.691816 | N25: 778.66561 | O25: 44.957599 | P25: 20.583818 | Q25: Palasari, Dayehkolot, Cisirung, Bandung | U25: =IF(#REF!>=80,"B","K") -> #REF! | V25: =IF(#REF!>=80,"B","K") -> #REF! | X25: =(#REF!/G25)*100 -> #REF! | Y25: =#REF!/G25*100 -> #REF! | AA25: =IF(X25=#REF!,"BETUL","salah") -> #REF! | AB25: =IF(#REF!=Y25,"BETUL","SALAH") -> #REF! | AC25: =IF(#REF!>80,"CEK KEMBALI","OKE") -> #REF! | AD25: =IF(#REF!>80,"CEK KEMBALI","OKE") -> #REF! | AF25: =IF(AG25=G25,"OK","GGGEEEELLLLL") -> OK | AG25: =IF(E25=30,866,IF(E25=60,1732,IF(E25=20,577,IF(E25=10,288,IF(E25=15,433,"CEK"))))) -> 1732
A26: 12 | B26: BANDUNG | C26: CGRLG | D26: 9 | E26: 60 | F26: 150/20 | G26: 1732 | H26: 1082.4044 | I26: 62.494481 | J26: 871.53127 | K26: 50.319357 | L26: 1001.9842 | M26: 57.85128 | N26: 782.76908 | O26: 45.194519 | P26: 20.484406 | Q26: Kota Bag. Tangah & Selatan | U26: =IF(#REF!>=80,"B","K") -> #REF! | V26: =IF(#REF!>=80,"B","K") -> #REF! | X26: =(#REF!/G26)*100 -> #REF! | Y26: =#REF!/G26*100 -> #REF! | AA26: =IF(X26=#REF!,"BETUL","salah") -> #REF! | AB26: =IF(#REF!=Y26,"BETUL","SALAH") -> #REF! | AC26: =IF(#REF!>80,"CEK KEMBALI","OKE") -> #REF! | AD26: =IF(#REF!>80,"CEK KEMBALI","OKE") -> #REF! | AF26: =IF(AG26=G26,"OK","GGGEEEELLLLL") -> OK | AG26: =IF(E26=30,866,IF(E26=60,1732,IF(E26=20,577,IF(E26=10,288,IF(E26=15,433,"CEK"))))) -> 1732
A27: 13 | B27: BANDUNG | C27: CGRLG | D27: 10 | E27: 60 | F27: 150/20 | G27: 1732 | H27: 1268.8471 | I27: 73.25907 | J27: 1017.2578 | K27: 58.73313 | L27: 1192.6748 | M27: 68.861132 | N27: 910.74479 | O27: 52.583417 | P27: 20.584403 | Q27: Kawasan Industri Palasari dan Mohammad Toha | U27: =IF(#REF!>=80,"B","K") -> #REF! | V27: =IF(#REF!>=80,"B","K") -> #REF! | X27: =(#REF!/G27)*100 -> #REF! | Y27: =#REF!/G27*100 -> #REF! | AA27: =IF(X27=#REF!,"BETUL","salah") -> #REF! | AB27: =IF(#REF!=Y27,"BETUL","SALAH") -> #REF! | AC27: =IF(#REF!>80,"CEK KEMBALI","OKE") -> #REF! | AD27: =IF(#REF!>80,"CEK KEMBALI","OKE") -> #REF! | AF27: =IF(AG27=G27,"OK","GGGEEEELLLLL") -> OK | AG27: =IF(E27=30,866,IF(E27=60,1732,IF(E27=20,577,IF(E27=10,288,IF(E27=15,433,"CEK"))))) -> 1732
A28: 14 | B28: BANDUNG | C28: DGPKR | D28: 1 | E28: 60 | F28: 150/20 | G28: 1732 | H28: 440.67873 | I28: 25.443345 | J28: 343.27898 | K28: 19.819803 | L28: 457.51828 | M28: 26.415605 | N28: 319.764 | O28: 18.462125 | P28: 20.128694 | Q28: Wilayah Cimenyan,Cicaheum Cicadas dan sekitarnya | U28: =IF(#REF!>=80,"B","K") -> #REF! | V28: =IF(#REF!>=80,"B","K") -> #REF! | X28: =(#REF!/G28)*100 -> #REF! | Y28: =#REF!/G28*100 -> #REF! | AA28: =IF(X28=#REF!,"BETUL","salah") -> #REF! | AB28: =IF(#REF!=Y28,"BETUL","SALAH") -> #REF! | AC28: =IF(#REF!>80,"CEK KEMBALI","OKE") -> #REF! | AD28: =IF(#REF!>80,"CEK KEMBALI","OKE") -> #REF! | AF28: =IF(AG28=G28,"OK","GGGEEEELLLLL") -> OK | AG28: =IF(E28=30,866,IF(E28=60,1732,IF(E28=20,577,IF(E28=10,288,IF(E28=15,433,"CEK"))))) -> 1732
A29: 15 | B29: BANDUNG | C29: DGPKR | D29: 2 | E29: 60 | F29: 150/20 | G29: 1732 | H29: 716.19661 | I29: 41.350844 | J29: 526.10954 | K29: 30.375839 | L29: 775.66079 | M29: 44.78411 | N29: 458.23152 | O29: 26.456785 | P29: 20.55236 | Q29: Wilayah Cimenyan,Cicaheum Cicadas dan sekitarnya | U29: =IF(#REF!>=80,"B","K") -> #REF! | V29: =IF(#REF!>=80,"B","K") -> #REF! | X29: =(#REF!/G29)*100 -> #REF! | Y29: =#REF!/G29*100 -> #REF! | AA29: =IF(X29=#REF!,"BETUL","salah") -> #REF! | AB29: =IF(#REF!=Y29,"BETUL","SALAH") -> #REF! | AC29: =IF(#REF!>80,"CEK KEMBALI","OKE") -> #REF! | AD29: =IF(#REF!>80,"CEK KEMBALI","OKE") -> #REF! | AF29: =IF(AG29=G29,"OK","GGGEEEELLLLL") -> OK | AG29: =IF(E29=30,866,IF(E29=60,1732,IF(E29=20,577,IF(E29=10,288,IF(E29=15,433,"CEK"))))) -> 1732
A30: 16 | B30: BANDUNG | C30: KRCDG | D30: 1 | E30: 60 | F30: 150/20 | G30: 1732 | H30: 1315.8844 | I30: 75.974852 | J30: 1019.6314 | K30: 58.870172 | L30: 1233.3335 | M30: 71.208629 | N30: 874.85685 | O30: 50.511365 | P30: 20.479977 | Q30: Kawasan Kota Bandung Bag. Timur | U30: =IF(#REF!>=80,"B","K") -> #REF! | V30: =IF(#REF!>=80,"B","K") -> #REF! | X30: =(#REF!/G30)*100 -> #REF! | Y30: =#REF!/G30*100 -> #REF! | AA30: =IF(X30=#REF!,"BETUL","salah") -> #REF! | AB30: =IF(#REF!=Y30,"BETUL","SALAH") -> #REF! | AC30: =IF(#REF!>80,"CEK KEMBALI","OKE") -> #REF! | AD30: =IF(#REF!>80,"CEK KEMBALI","OKE") -> #REF! | AF30: =IF(AG30=G30,"OK","GGGEEEELLLLL") -> OK | AG30: =IF(E30=30,866,IF(E30=60,1732,IF(E30=20,577,IF(E30=10,288,IF(E30=15,433,"CEK"))))) -> 1732
A31: 17 | B31: BANDUNG | C31: KRCDG | D31: 2 | E31: 60 | F31: 150/20 | G31: 1732 | H31: 1220.66 | I31: 70.476903 | J31: 877.9973 | K31: 50.692685 | L31: 1144.0911 | M31: 66.056066 | N31: 753.24655 | O31: 43.489986 | P31: 20.697257 | Q31: Dan bagian Tengah | U31: =IF(#REF!>=80,"B","K") -> #REF! | V31: =IF(#REF!>=80,"B","K") -> #REF! | X31: =(#REF!/G31)*100 -> #REF! | Y31: =#REF!/G31*100 -> #REF! | AA31: =IF(X31=#REF!,"BETUL","salah") -> #REF! | AB31: =IF(#REF!=Y31,"BETUL","SALAH") -> #REF! | AC31: =IF(#REF!>80,"CEK KEMBALI","OKE") -> #REF! | AD31: =IF(#REF!>80,"CEK KEMBALI","OKE") -> #REF! | AF31: =IF(AG31=G31,"OK","GGGEEEELLLLL") -> OK | AG31: =IF(E31=30,866,IF(E31=60,1732,IF(E31=20,577,IF(E31=10,288,IF(E31=15,433,"CEK"))))) -> 1732
A32: 18 | B32: BANDUNG | C32: KRCDG | D32: 3 | E32: 60 | F32: 150/20 | G32: 1732 | H32: 1217.005 | I32: 70.265876 | J32: 900.36901 | K32: 51.984354 | L32: 1203.0894 | M32: 69.462434 | N32: 692.69459 | O32: 39.993914 | P32: 20.561172 | Q32: Buah batu, Turangga | U32: =IF(#REF!>=80,"B","K") -> #REF! | V32: =IF(#REF!>=80,"B","K") -> #REF! | X32: =(#REF!/G32)*100 -> #REF! | Y32: =#REF!/G32*100 -> #REF! | AA32: =IF(X32=#REF!,"BETUL","salah") -> #REF! | AB32: =IF(#REF!=Y32,"BETUL","SALAH") -> #REF! | AC32: =IF(#REF!>80,"CEK KEMBALI","OKE") -> #REF! | AD32: =IF(#REF!>80,"CEK KEMBALI","OKE") -> #REF! | AF32: =IF(AG32=G32,"OK","GGGEEEELLLLL") -> OK | AG32: =IF(E32=30,866,IF(E32=60,1732,IF(E32=20,577,IF(E32=10,288,IF(E32=15,433,"CEK"))))) -> 1732
A33: 19 | B33: BANDUNG | C33: UBRNG | D33: 3 | E33: 60 | F33: 150/20 | G33: 1732 | H33: 1166.65 | I33: 67.358544 | J33: 678.85034 | K33: 39.194592 | L33: 927.5107 | M33: 53.551426 | N33: 588.77089 | O33: 33.9937 | P33: 20.613403 | Q33: Kawasan Industri/umum Ujung Berung | U33: =IF(#REF!>=80,"B","K") -> #REF! | V33: =IF(#REF!>=80,"B","K") -> #REF! | X33: =(#REF!/G33)*100 -> #REF! | Y33: =#REF!/G33*100 -> #REF! | AA33: #REF! | AB33: =IF(#REF!=Y33,"BETUL","SALAH") -> #REF! | AC33: =IF(#REF!>80,"CEK KEMBALI","OKE") -> #REF! | AD33: =IF(#REF!>80,"CEK KEMBALI","OKE") -> #REF! | AF33: =IF(AG33=G33,"OK","GGGEEEELLLLL") -> OK | AG33: =IF(E33=30,866,IF(E33=60,1732,IF(E33=20,577,IF(E33=10,288,IF(E33=15,433,"CEK"))))) -> 1732
A34: 20 | B34: BANDUNG | C34: UBRNG | D34: 4 | E34: 60 | F34: 150/20 | G34: 1732 | H34: 1329.3797 | I34: 76.754025 | J34: 1055.4143 | K34: 60.936161 | L34: 1201.1056 | M34: 69.3479 | N34: 918.21875 | O34: 53.01494 | P34: 20.615475 | Q34: Zipur, Kalimas, Bandung Timur,Gdbage | U34: =IF(#REF!>=80,"B","K") -> #REF! | V34: =IF(#REF!>=80,"B","K") -> #REF! | X34: =(#REF!/G34)*100 -> #REF! | Y34: =#REF!/G34*100 -> #REF! | AA34: =IF(X34=#REF!,"BETUL","salah") -> #REF! | AB34: =IF(#REF!=Y34,"BETUL","SALAH") -> #REF! | AC34: =IF(#REF!>80,"CEK KEMBALI","OKE") -> #REF! | AD34: =IF(#REF!>80,"CEK KEMBALI","OKE") -> #REF! | AF34: =IF(AG34=G34,"OK","GGGEEEELLLLL") -> OK | AG34: =IF(E34=30,866,IF(E34=60,1732,IF(E34=20,577,IF(E34=10,288,IF(E34=15,433,"CEK"))))) -> 1732
A35: 21 | B35: BANDUNG | C35: UBRNG | D35: 5 | E35: 60 | F35: 150/20 | G35: 1732 | H35: 912.23092 | I35: 52.669222 | J35: 667.50024 | K35: 38.539275 | L35: 768.45496 | M35: 44.368069 | N35: 604.72654 | O35: 34.914927 | P35: 20.68151 | Q35: Cicalengka | U35: =IF(#REF!>=80,"B","K") -> #REF! | V35: =IF(#REF!>=80,"B","K") -> #REF! | X35: =(#REF!/G35)*100 -> #REF! | Y35: =#REF!/G35*100 -> #REF! | AA35: =IF(X35=#REF!,"BETUL","salah") -> #REF! | AB35: =IF(#REF!=Y35,"BETUL","SALAH") -> #REF! | AC35: =IF(#REF!>80,"CEK KEMBALI","OKE") -> #REF! | AD35: =IF(#REF!>80,"CEK KEMBALI","OKE") -> #REF! | AF35: =IF(AG35=G35,"OK","GGGEEEELLLLL") -> OK | AG35: =IF(E35=30,866,IF(E35=60,1732,IF(E35=20,577,IF(E35=10,288,IF(E35=15,433,"CEK"))))) -> 1732
A36: 22 | B36: BANDUNG | C36: UBRNG | D36: 6 | E36: 60 | F36: 150/20 | G36: 1732 | H36: 577.26754 | I36: 33.329534 | J36: 400.77783 | K36: 23.139598 | L36: 458.69184 | M36: 26.483363 | N36: 340.53707 | O36: 19.661493 | P36: 20.578451 | Q36: Kawasan Industri Soekarno Hatta | U36: =IF(#REF!>=80,"B","K") -> #REF! | V36: =IF(#REF!>=80,"B","K") -> #REF! | X36: =(#REF!/G36)*100 -> #REF! | Y36: =#REF!/G36*100 -> #REF! | AA36: =IF(X36=#REF!,"BETUL","salah") -> #REF! | AB36: =IF(#REF!=Y36,"BETUL","SALAH") -> #REF! | AC36: =IF(#REF!>80,"CEK KEMBALI","OKE") -> #REF! | AD36: =IF(#REF!>80,"CEK KEMBALI","OKE") -> #REF! | AF36: =IF(AG36=G36,"OK","GGGEEEELLLLL") -> OK | AG36: =IF(E36=30,866,IF(E36=60,1732,IF(E36=20,577,IF(E36=10,288,IF(E36=15,433,"CEK"))))) -> 1732
A37: 23 | B37: BANDUNG | C37: UBRNG | D37: 7 | E37: 60 | F37: 150/20 | G37: 1732 | H37: 291.70409 | I37: 16.842038 | J37: 166.44333 | K37: 9.6098921 | L37: 274.54292 | M37: 15.851208 | N37: 154.27279 | O37: 8.9072047 | U37: =IF(#REF!>=80,"B","K") -> #REF! | V37: =IF(#REF!>=80,"B","K") -> #REF! | X37: =(#REF!/G37)*100 -> #REF! | Y37: =#REF!/G37*100 -> #REF! | AA37: =IF(X37=#REF!,"BETUL","salah") -> #REF! | AB37: #REF! | AC37: =IF(#REF!>80,"CEK KEMBALI","OKE") -> #REF! | AD37: =IF(#REF!>80,"CEK KEMBALI","OKE") -> #REF! | AF37: =IF(AG37=G37,"OK","GGGEEEELLLLL") -> OK | AG37: =IF(E37=30,866,IF(E37=60,1732,IF(E37=20,577,IF(E37=10,288,IF(E37=15,433,"CEK"))))) -> 1732
A38: 24 | B38: BANDUNG | C38: GDBGE | D38: 1 | E38: 60 | F38: 150/20 | G38: 1732 | H38: 442.54146 | I38: 25.550893 | J38: 281.39429 | K38: 16.246783 | L38: 420.0743 | M38: 24.253712 | N38: 263.80404 | O38: 15.23118 | P38: 20.433092 | Q38: Wilayah Sumarecon | U38: =IF(#REF!>=80,"B","K") -> #REF! | V38: =IF(#REF!>=80,"B","K") -> #REF! | X38: =(#REF!/G38)*100 -> #REF! | Y38: =#REF!/G38*100 -> #REF! | AA38: =IF(X38=#REF!,"BETUL","salah") -> #REF! | AB38: #REF! | AC38: =IF(#REF!>80,"CEK KEMBALI","OKE") -> #REF! | AD38: =IF(#REF!>80,"CEK KEMBALI","OKE") -> #REF! | AF38: =IF(AG38=G38,"OK","GGGEEEELLLLL") -> OK | AG38: =IF(E38=30,866,IF(E38=60,1732,IF(E38=20,577,IF(E38=10,288,IF(E38=15,433,"CEK"))))) -> 1732
A39: 25 | B39: BANDUNG | C39: GDBGE | D39: 2 | E39: 60 | F39: 150/20 | G39: 1732 | H39: 486.28374 | I39: 28.076429 | J39: 318.54026 | K39: 18.39147 | L39: 385.73621 | M39: 22.271144 | N39: 280.42925 | O39: 16.191065 | P39: 20.443216 | Q39: Wilayah Sumarecon | R39: JBR - PNSIA | U39: =IF(#REF!>=80,"B","K") -> #REF! | V39: =IF(#REF!>=80,"B","K") -> #REF! | X39: =(#REF!/G39)*100 -> #REF! | Y39: =#REF!/G39*100 -> #REF! | AA39: =IF(X39=#REF!,"BETUL","salah") -> #REF! | AB39: =IF(#REF!=Y39,"BETUL","SALAH") -> #REF! | AC39: =IF(#REF!>80,"CEK KEMBALI","OKE") -> #REF! | AD39: =IF(#REF!>80,"CEK KEMBALI","OKE") -> #REF! | AF39: =IF(AG39=G39,"OK","GGGEEEELLLLL") -> OK | AG39: =IF(E39=30,866,IF(E39=60,1732,IF(E39=20,577,IF(E39=10,288,IF(E39=15,433,"CEK"))))) -> 1732
A40: 26 | B40: BANDUNG | C40: PT. PANASIA INDOSYNTEC | E40: 30 | F40: 150 | G40: 866 | H40: 0 | I40: 0 | J40: 0 | K40: 0 | L40: 0 | M40: 0 | N40: 0 | O40: 0 | P40: 150.0821 | Q40: PHT BDSLN-PANASIA | U40: =IF(#REF!>=80,"B","K") -> #REF! | V40: =IF(#REF!>=80,"B","K") -> #REF! | X40: =(#REF!/G40)*100 -> #REF! | Y40: =#REF!/G40*100 -> #REF! | AA40: =IF(X40=#REF!,"BETUL","salah") -> #REF! | AB40: =IF(#REF!=Y40,"BETUL","SALAH") -> #REF! | AC40: #REF! | AD40: =IF(#REF!>80,"CEK KEMBALI","OKE") -> #REF! | AF40: =IF(AG40=G40,"OK","GGGEEEELLLLL") -> OK | AG40: =IF(E40=30,866,IF(E40=60,1732,IF(E40=20,577,IF(E40=10,288,IF(E40=15,433,"CEK"))))) -> 866
A41: 27 | B41: BEKASI | C41: BKASI | D41: 1 | E41: 60 | F41: 150/20 | G41: 1732 | H41: 1297.4959 | I41: 74.913158 | J41: 1049.7436 | K41: 60.608751 | L41: 1413.2721 | M41: 81.597694 | N41: 1138.7635 | O41: 65.748468 | P41: 20.539316 | Q41: Kawaasan industri & umum Bekasi | R41: gangguan, masuk Peb 2010 | U41: =IF(#REF!>=80,"B","K") -> #REF! | V41: =IF(#REF!>=80,"B","K") -> #REF! | X41: =(#REF!/G41)*100 -> #REF! | Y41: =#REF!/G41*100 -> #REF! | AA41: =IF(X41=#REF!,"BETUL","salah") -> #REF! | AB41: =IF(#REF!=Y41,"BETUL","SALAH") -> #REF! | AC41: =IF(#REF!>80,"CEK KEMBALI","OKE") -> #REF! | AD41: =IF(#REF!>80,"CEK KEMBALI","OKE") -> #REF! | AF41: =IF(AG41=G41,"OK","GGGEEEELLLLL") -> OK | AG41: =IF(E41=30,866,IF(E41=60,1732,IF(E41=20,577,IF(E41=10,288,IF(E41=15,433,"CEK"))))) -> 1732
A42: 28 | B42: BEKASI | C42: BKASI | D42: 2 | E42: 60 | F42: 150/20 | G42: 1732 | H42: 564.84041 | I42: 32.612033 | J42: 385.38727 | K42: 22.250997 | L42: 533.21242 | M42: 30.785937 | N42: 361.69273 | O42: 20.882952 | P42: 20.585935 | Q42: Kawaasan industri & umum Bekasi | U42: =IF(#REF!>=80,"B","K") -> #REF! | V42: =IF(#REF!>=80,"B","K") -> #REF! | X42: =(#REF!/G42)*100 -> #REF! | Y42: =#REF!/G42*100 -> #REF! | AA42: =IF(X42=#REF!,"BETUL","salah") -> #REF! | AB42: =IF(#REF!=Y42,"BETUL","SALAH") -> #REF! | AC42: =IF(#REF!>80,"CEK KEMBALI","OKE") -> #REF! | AD42: =IF(#REF!>80,"CEK KEMBALI","OKE") -> #REF! | AF42: =IF(AG42=G42,"OK","GGGEEEELLLLL") -> OK | AG42: =IF(E42=30,866,IF(E42=60,1732,IF(E42=20,577,IF(E42=10,288,IF(E42=15,433,"CEK"))))) -> 1732
A43: 29 | B43: BEKASI | C43: BKASI | D43: 3 | E43: 60 | F43: 150/20 | G43: 1732 | H43: 1106.3055 | I43: 63.874452 | J43: 789.88393 | K43: 45.605307 | L43: 1068.7882 | M43: 61.708326 | N43: 840.97677 | O43: 48.555241 | P43: 20.567196 | Q43: Kawaasan industri & umum Bekasi | U43: =IF(#REF!>=80,"B","K") -> #REF! | V43: =IF(#REF!>=80,"B","K") -> #REF! | X43: =(#REF!/G43)*100 -> #REF! | Y43: =#REF!/G43*100 -> #REF! | AA43: =IF(X43=#REF!,"BETUL","salah") -> #REF! | AB43: =IF(#REF!=Y43,"BETUL","SALAH") -> #REF! | AC43: =IF(#REF!>80,"CEK KEMBALI","OKE") -> #REF! | AD43: #REF! | AF43: =IF(AG43=G43,"OK","GGGEEEELLLLL") -> OK | AG43: =IF(E43=30,866,IF(E43=60,1732,IF(E43=20,577,IF(E43=10,288,IF(E43=15,433,"CEK"))))) -> 1732
A44: 30 | B44: BEKASI | C44: BKASI | D44: 4 | E44: 60 | F44: 150/20 | G44: 1732 | H44: 1185.3291 | I44: 68.437013 | J44: 888.53589 | K44: 51.301149 | L44: 1196.9954 | M44: 69.110587 | N44: 935.04629 | O44: 53.986506 | P44: 20.636912 | Q44: Kawaasan industri & umum Bekasi | R44: 42736 | U44: =IF(#REF!>=80,"B","K") -> #REF! | V44: =IF(#REF!>=80,"B","K") -> #REF! | X44: =(#REF!/G44)*100 -> #REF! | Y44: =#REF!/G44*100 -> #REF! | AA44: =IF(X44=#REF!,"BETUL","salah") -> #REF! | AB44: =IF(#REF!=Y44,"BETUL","SALAH") -> #REF! | AC44: =IF(#REF!>80,"CEK KEMBALI","OKE") -> #REF! | AD44: =IF(#REF!>80,"CEK KEMBALI","OKE") -> #REF! | AF44: =IF(AG44=G44,"OK","GGGEEEELLLLL") -> OK | AG44: =IF(E44=30,866,IF(E44=60,1732,IF(E44=20,577,IF(E44=10,288,IF(E44=15,433,"CEK"))))) -> 1732
A45: 31 | B45: BEKASI | C45: BKASI | D45: 5 | E45: 60 | F45: 150/20 | G45: 1732 | H45: 995.18032 | I45: 57.458448 | J45: 744.68316 | K45: 42.995563 | L45: 976.71165 | M45: 56.392128 | N45: 811.05226 | O45: 46.827498 | P45: 20.58236 | Q45: Kawaasan industri & umum Bekasi | U45: =IF(#REF!>=80,"B","K") -> #REF! | V45: =IF(#REF!>=80,"B","K") -> #REF! | X45: =(#REF!/G45)*100 -> #REF! | Y45: =#REF!/G45*100 -> #REF! | AA45: =IF(X45=#REF!,"BETUL","salah") -> #REF! | AB45: =IF(#REF!=Y45,"BETUL","SALAH") -> #REF! | AC45: =IF(#REF!>80,"CEK KEMBALI","OKE") -> #REF! | AD45: =IF(#REF!>80,"CEK KEMBALI","OKE") -> #REF! | AF45: =IF(AG45=G45,"OK","GGGEEEELLLLL") -> OK | AG45: =IF(E45=30,866,IF(E45=60,1732,IF(E45=20,577,IF(E45=10,288,IF(E45=15,433,"CEK"))))) -> 1732
A46: 32 | B46: CIKARANG | C46: CBATU | D46: 1 | E46: 60 | F46: 150/20 | G46: 1732 | H46: 924.21023 | I46: 53.360868 | J46: 591.83605 | K46: 34.170673 | L46: 795.50016 | M46: 45.929571 | N46: 499.35421 | O46: 28.831075 | P46: 20.6 | Q46: Wilayah industri KIIC | U46: =IF(#REF!>=80,"B","K") -> #REF! | V46: =IF(#REF!>=80,"B","K") -> #REF! | X46: =(#REF!/G46)*100 -> #REF! | Y46: =#REF!/G46*100 -> #REF! | AA46: =IF(X46=#REF!,"BETUL","salah") -> #REF! | AB46: =IF(#REF!=Y46,"BETUL","SALAH") -> #REF! | AC46: =IF(#REF!>80,"CEK KEMBALI","OKE") -> #REF! | AD46: =IF(#REF!>80,"CEK KEMBALI","OKE") -> #REF! | AF46: =IF(AG46=G46,"OK","GGGEEEELLLLL") -> OK | AG46: =IF(E46=30,866,IF(E46=60,1732,IF(E46=20,577,IF(E46=10,288,IF(E46=15,433,"CEK"))))) -> 1732
A47: 33 | B47: CIKARANG | C47: CBATU | D47: 2 | E47: 60 | F47: 150/20 | G47: 1732 | H47: 1460.3447 | I47: 84.315513 | J47: 1110.6873 | K47: 64.127445 | L47: 1466.1169 | M47: 84.64878 | N47: 1158.0946 | O47: 66.864582 | P47: 20.668945 | Q47: Wilayah Umum Cibatu,Sukamanah, Cicau | U47: =IF(#REF!>=80,"B","K") -> #REF! | V47: =IF(#REF!>=80,"B","K") -> #REF! | X47: =(#REF!/G47)*100 -> #REF! | Y47: =#REF!/G47*100 -> #REF! | AA47: =IF(X47=#REF!,"BETUL","salah") -> #REF! | AB47: =IF(#REF!=Y47,"BETUL","SALAH") -> #REF! | AC47: =IF(#REF!>80,"CEK KEMBALI","OKE") -> #REF! | AD47: =IF(#REF!>80,"CEK KEMBALI","OKE") -> #REF! | AF47: =IF(AG47=G47,"OK","GGGEEEELLLLL") -> OK | AG47: =IF(E47=30,866,IF(E47=60,1732,IF(E47=20,577,IF(E47=10,288,IF(E47=15,433,"CEK"))))) -> 1732
A48: 34 | B48: CIKARANG | C48: CBATU | D48: 3 | E48: 60 | F48: 150/20 | G48: 1732 | H48: 1221.2846 | I48: 70.512967 | J48: 822.49814 | K48: 47.488345 | L48: 1009.3129 | M48: 58.274417 | N48: 740.4838 | O48: 42.753106 | P48: 20.533691 | U48: =IF(#REF!>=80,"B","K") -> #REF! | V48: =IF(#REF!>=80,"B","K") -> #REF! | X48: =(#REF!/G48)*100 -> #REF! | Y48: =#REF!/G48*100 -> #REF! | AA48: =IF(X48=#REF!,"BETUL","salah") -> #REF! | AB48: =IF(#REF!=Y48,"BETUL","SALAH") -> #REF! | AC48: =IF(#REF!>80,"CEK KEMBALI","OKE") -> #REF! | AD48: =IF(#REF!>80,"CEK KEMBALI","OKE") -> #REF! | AF48: =IF(AG48=G48,"OK","GGGEEEELLLLL") -> OK | AG48: =IF(E48=30,866,IF(E48=60,1732,IF(E48=20,577,IF(E48=10,288,IF(E48=15,433,"CEK"))))) -> 1732
A49: 35 | B49: CIKARANG | C49: CBATU | D49: 4 | E49: 60 | F49: 150/20 | G49: 1732 | H49: 1290.3201 | I49: 74.498849 | J49: 262.14032 | K49: 15.135122 | L49: 1062.5994 | M49: 61.351007 | N49: 249.37048 | O49: 14.397834 | P49: 20.55502 | U49: =IF(#REF!>=80,"B","K") -> #REF! | V49: =IF(#REF!>=80,"B","K") -> #REF! | X49: =(#REF!/G49)*100 -> #REF! | Y49: =#REF!/G49*100 -> #REF! | AA49: =IF(X49=#REF!,"BETUL","salah") -> #REF! | AB49: =IF(#REF!=Y49,"BETUL","SALAH") -> #REF! | AC49: =IF(#REF!>80,"CEK KEMBALI","OKE") -> #REF! | AD49: =IF(#REF!>80,"CEK KEMBALI","OKE") -> #REF! | AF49: =IF(AG49=G49,"OK","GGGEEEELLLLL") -> OK | AG49: =IF(E49=30,866,IF(E49=60,1732,IF(E49=20,577,IF(E49=10,288,IF(E49=15,433,"CEK"))))) -> 1732
A50: 36 | B50: BEKASI | C50: PT SUZUKI | E50: 30 | F50: 150 | G50: 866 | H50: 43.07264 | I50: 4.9737459 | J50: 32.438733 | K50: 3.7458121 | L50: 0 | M50: 0 | N50: 0 | O50: 0 | P50: 151.29783 | U50: =IF(#REF!>=80,"B","K") -> #REF! | V50: =IF(#REF!>=80,"B","K") -> #REF! | X50: =(#REF!/G50)*100 -> #REF! | Y50: =#REF!/G50*100 -> #REF! | AA50: =IF(X50=#REF!,"BETUL","salah") -> #REF! | AB50: =IF(#REF!=Y50,"BETUL","SALAH") -> #REF! | AC50: =IF(#REF!>80,"CEK KEMBALI","OKE") -> #REF! | AD50: =IF(#REF!>80,"CEK KEMBALI","OKE") -> #REF! | AF50: =IF(AG50=G50,"OK","GGGEEEELLLLL") -> OK | AG50: =IF(E50=30,866,IF(E50=60,1732,IF(E50=20,577,IF(E50=10,288,IF(E50=15,433,"CEK"))))) -> 866
A51: 37 | B51: CIKARANG | C51: CIKRG | D51: 1 | E51: 60 | F51: 150/20 | G51: 1732 | H51: 313.55333 | I51: 18.103541 | J51: 214.99501 | K51: 12.413107 | L51: 244.01333 | M51: 14.08853 | N51: 170.94272 | O51: 9.8696721 | P51: 20.519076 | Q51: Wilayah industri & umum Cikarang Bekasi | U51: =IF(#REF!>=80,"B","K") -> #REF! | V51: =IF(#REF!>=80,"B","K") -> #REF! | X51: =(#REF!/G51)*100 -> #REF! | Y51: =#REF!/G51*100 -> #REF! | AA51: =IF(X51=#REF!,"BETUL","salah") -> #REF! | AB51: =IF(#REF!=Y51,"BETUL","SALAH") -> #REF! | AC51: =IF(#REF!>80,"CEK KEMBALI","OKE") -> #REF! | AD51: =IF(#REF!>80,"CEK KEMBALI","OKE") -> #REF! | AF51: =IF(AG51=G51,"OK","GGGEEEELLLLL") -> OK | AG51: =IF(E51=30,866,IF(E51=60,1732,IF(E51=20,577,IF(E51=10,288,IF(E51=15,433,"CEK"))))) -> 1732
A52: 38 | B52: CIKARANG | C52: CIKRG | D52: 3 | E52: 60 | F52: 150/20 | G52: 1732 | H52: 1212.5815 | I52: 70.010477 | J52: 870.08286 | K52: 50.235731 | L52: 1219.9958 | M52: 70.438557 | N52: 883.92803 | O52: 51.035106 | P52: 20.677166 | Q52: Wilayah industri & umum Cikarang Bekasi | U52: =IF(#REF!>=80,"B","K") -> #REF! | V52: =IF(#REF!>=80,"B","K") -> #REF! | X52: =(#REF!/G52)*100 -> #REF! | Y52: =#REF!/G52*100 -> #REF! | AA52: =IF(X52=#REF!,"BETUL","salah") -> #REF! | AB52: =IF(#REF!=Y52,"BETUL","SALAH") -> #REF! | AC52: =IF(#REF!>80,"CEK KEMBALI","OKE") -> #REF! | AD52: =IF(#REF!>80,"CEK KEMBALI","OKE") -> #REF! | AF52: =IF(AG52=G52,"OK","GGGEEEELLLLL") -> OK | AG52: =IF(E52=30,866,IF(E52=60,1732,IF(E52=20,577,IF(E52=10,288,IF(E52=15,433,"CEK"))))) -> 1732
A53: 39 | B53: CIKARANG | C53: CIKRG | D53: 4 | E53: 60 | F53: 150/20 | G53: 1732 | H53: 962.24337 | I53: 55.556776 | J53: 664.47539 | K53: 38.36463 | L53: 836.54494 | M53: 48.299362 | N53: 611.96996 | O53: 35.333139 | P53: 20.658432 | Q53: Wilayah industri & umum Cikarang Bekasi | R53: Trafo Konsumen - CIKRG 1 | U53: =IF(#REF!>=80,"B","K") -> #REF! | V53: =IF(#REF!>=80,"B","K") -> #REF! | X53: =(#REF!/G53)*100 -> #REF! | Y53: =#REF!/G53*100 -> #REF! | AA53: =IF(X53=#REF!,"BETUL","salah") -> #REF! | AB53: =IF(#REF!=Y53,"BETUL","SALAH") -> #REF! | AC53: =IF(#REF!>80,"CEK KEMBALI","OKE") -> #REF! | AD53: =IF(#REF!>80,"CEK KEMBALI","OKE") -> #REF! | AF53: =IF(AG53=G53,"OK","GGGEEEELLLLL") -> OK | AG53: =IF(E53=30,866,IF(E53=60,1732,IF(E53=20,577,IF(E53=10,288,IF(E53=15,433,"CEK"))))) -> 1732
A54: 40 | B54: BEKASI | C54: PT GUNUNG GARUDA | D54: 1 | E54: 144 | F54: 150 | G54: 4157 | H54: 584 | I54: 14.048593 | J54: 289 | K54: 6.9521289 | L54: 540 | M54: 12.990137 | N54: 293 | O54: 7.0483522 | P54: 20 | Q54: PT. Gunung Garuda | U54: =IF(#REF!>=80,"B","K") -> #REF! | V54: =IF(#REF!>=80,"B","K") -> #REF! | X54: =(#REF!/G54)*100 -> #REF! | Y54: =#REF!/G54*100 -> #REF! | AA54: =IF(X54=#REF!,"BETUL","salah") -> #REF! | AB54: =IF(#REF!=Y54,"BETUL","SALAH") -> #REF! | AC54: =IF(#REF!>80,"CEK KEMBALI","OKE") -> #REF! | AD54: =IF(#REF!>80,"CEK KEMBALI","OKE") -> #REF! | AF54: =IF(AG54=G54,"OK","GGGEEEELLLLL") -> GGGEEEELLLLL | AG54: =IF(E54=30,866,IF(E54=60,1732,IF(E54=20,577,IF(E54=10,288,IF(E54=15,433,"CEK"))))) -> CEK
A55: 41 | B55: CIKARANG | C55: LIPPO | D55: 1 | E55: 60 | F55: 150/20 | G55: 1732 | H55: 715.40908 | I55: 41.305374 | J55: 411.57557 | K55: 23.763024 | L55: 616.53876 | M55: 35.596926 | N55: 361.11066 | O55: 20.849345 | P55: 20.565998 | Q55: Wilayah industri & umum Cikarang Bekasi | U55: =IF(#REF!>=80,"B","K") -> #REF! | V55: =IF(#REF!>=80,"B","K") -> #REF! | X55: =(#REF!/G55)*100 -> #REF! | Y55: =#REF!/G55*100 -> #REF! | AA55: =IF(X55=#REF!,"BETUL","salah") -> #REF! | AB55: =IF(#REF!=Y55,"BETUL","SALAH") -> #REF! | AC55: =IF(#REF!>80,"CEK KEMBALI","OKE") -> #REF! | AD55: =IF(#REF!>80,"CEK KEMBALI","OKE") -> #REF! | AF55: =IF(AG55=G55,"OK","GGGEEEELLLLL") -> OK | AG55: =IF(E55=30,866,IF(E55=60,1732,IF(E55=20,577,IF(E55=10,288,IF(E55=15,433,"CEK"))))) -> 1732
A56: 42 | B56: CIKARANG | C56: LIPPO | D56: 2 | E56: 60 | F56: 150/20 | G56: 1732 | H56: 448.71241 | I56: 25.907183 | J56: 289.1732 | K56: 16.695912 | L56: 417.37669 | M56: 24.097961 | N56: 272.09726 | O56: 15.710003 | P56: 20.520037 | Q56: Wilayah industri & umum Cikarang Bekasi | U56: =IF(#REF!>=80,"B","K") -> #REF! | V56: =IF(#REF!>=80,"B","K") -> #REF! | X56: =(#REF!/G56)*100 -> #REF! | Y56: =#REF!/G56*100 -> #REF! | AA56: =IF(X56=#REF!,"BETUL","salah") -> #REF! | AB56: =IF(#REF!=Y56,"BETUL","SALAH") -> #REF! | AC56: =IF(#REF!>80,"CEK KEMBALI","OKE") -> #REF! | AD56: =IF(#REF!>80,"CEK KEMBALI","OKE") -> #REF! | AF56: =IF(AG56=G56,"OK","GGGEEEELLLLL") -> OK | AG56: =IF(E56=30,866,IF(E56=60,1732,IF(E56=20,577,IF(E56=10,288,IF(E56=15,433,"CEK"))))) -> 1732
A57: 43 | B57: CIKARANG | C57: FJSWA | D57: 1 | E57: 60 | F57: 150/20 | G57: 1732 | H57: 840.72359 | I57: 48.540623 | J57: 603.45703 | K57: 34.84163 | L57: 878.11273 | M57: 50.699349 | N57: 639.91274 | O57: 36.946463 | P57: 20.501597 | Q57: Kawasan industri Fajar surya wisesa Bekasi | R57: Trafo Konsumen | U57: =IF(#REF!>=80,"B","K") -> #REF! | V57: =IF(#REF!>=80,"B","K") -> #REF! | X57: =(#REF!/G57)*100 -> #REF! | Y57: =#REF!/G57*100 -> #REF! | AA57: =IF(X57=#REF!,"BETUL","salah") -> #REF! | AB57: =IF(#REF!=Y57,"BETUL","SALAH") -> #REF! | AC57: =IF(#REF!>80,"CEK KEMBALI","OKE") -> #REF! | AD57: =IF(#REF!>80,"CEK KEMBALI","OKE") -> #REF! | AF57: =IF(AG57=G57,"OK","GGGEEEELLLLL") -> OK | AG57: =IF(E57=30,866,IF(E57=60,1732,IF(E57=20,577,IF(E57=10,288,IF(E57=15,433,"CEK"))))) -> 1732
A58: 44 | B58: BEKASI | C58: PT FAJAR SURYA WISESA | E58: 50 | F58: 150 | G58: 1443 | H58: 185.87039 | I58: 12.880831 | J58: 87.392188 | K58: 6.0562847 | L58: 179.52749 | M58: 12.441267 | N58: 89.142024 | O58: 6.1775485 | P58: 150.13297 | Q58: PT. Fajar | U58: =IF(#REF!>=80,"B","K") -> #REF! | V58: =IF(#REF!>=80,"B","K") -> #REF! | X58: =(#REF!/G58)*100 -> #REF! | Y58: =#REF!/G58*100 -> #REF! | AA58: =IF(X58=#REF!,"BETUL","salah") -> #REF! | AB58: =IF(#REF!=Y58,"BETUL","SALAH") -> #REF! | AC58: =IF(#REF!>80,"CEK KEMBALI","OKE") -> #REF! | AD58: =IF(#REF!>80,"CEK KEMBALI","OKE") -> #REF! | AF58: =IF(AG58=G58,"OK","GGGEEEELLLLL") -> GGGEEEELLLLL | AG58: =IF(E58=30,866,IF(E58=60,1732,IF(E58=20,577,IF(E58=10,288,IF(E58=15,433,"CEK"))))) -> CEK
A59: 45 | B59: BEKASI | C59: PT HANKOOK TIRE INDONESIA | E59: 30 | F59: 150 | G59: 2749.37 | H59: 97.405144 | I59: 3.5428169 | J59: 69.378344 | K59: 2.523427 | L59: 91.911207 | M59: 3.3429915 | N59: 66.928555 | O59: 2.4343233 | P59: 151.12968 | U59: =IF(#REF!>=80,"B","K") -> #REF! | V59: =IF(#REF!>=80,"B","K") -> #REF! | X59: =(#REF!/G59)*100 -> #REF! | Y59: =#REF!/G59*100 -> #REF! | AA59: =IF(X59=#REF!,"BETUL","salah") -> #REF! | AB59: =IF(#REF!=Y59,"BETUL","SALAH") -> #REF! | AC59: =IF(#REF!>80,"CEK KEMBALI","OKE") -> #REF! | AD59: =IF(#REF!>80,"CEK KEMBALI","OKE") -> #REF! | AF59: =IF(AG59=G59,"OK","GGGEEEELLLLL") -> GGGEEEELLLLL | AG59: =IF(E59=30,866,IF(E59=60,1732,IF(E59=20,577,IF(E59=10,288,IF(E59=15,433,"CEK"))))) -> 866
A60: 46 | B60: CIKARANG | C60: FJSWA | D60: 3 | E60: 60 | F60: 150/20 | G60: 1732 | H60: 735.19767 | I60: 42.447903 | J60: 474.52288 | K60: 27.397395 | L60: 759.69645 | M60: 43.862382 | N60: 457.73997 | O60: 26.428405 | P60: 20.480472 | Q60: Kawasan industri Fajar surya wisesa Bekasi | U60: =IF(#REF!>=80,"B","K") -> #REF! | V60: =IF(#REF!>=80,"B","K") -> #REF! | X60: =(#REF!/G60)*100 -> #REF! | Y60: =#REF!/G60*100 -> #REF! | AA60: =IF(X60=#REF!,"BETUL","salah") -> #REF! | AB60: =IF(#REF!=Y60,"BETUL","SALAH") -> #REF! | AC60: =IF(#REF!>80,"CEK KEMBALI","OKE") -> #REF! | AD60: =IF(#REF!>80,"CEK KEMBALI","OKE") -> #REF! | AF60: =IF(AG60=G60,"OK","GGGEEEELLLLL") -> OK | AG60: =IF(E60=30,866,IF(E60=60,1732,IF(E60=20,577,IF(E60=10,288,IF(E60=15,433,"CEK"))))) -> 1732
A61: 47 | B61: CIKARANG | C61: FJSWA | D61: 4 | E61: 60 | F61: 150/20 | G61: 1732 | H61: 948.36159 | I61: 54.755288 | J61: 755.11455 | K61: 43.597838 | L61: 1001.268 | M61: 57.809929 | N61: 729.32923 | O61: 42.109078 | P61: 20.5 | Q61: Kawasan industri Fajar surya wisesa Bekasi | U61: =IF(#REF!>=80,"B","K") -> #REF! | V61: =IF(#REF!>=80,"B","K") -> #REF! | X61: =(#REF!/G61)*100 -> #REF! | Y61: =#REF!/G61*100 -> #REF! | AA61: =IF(X61=#REF!,"BETUL","salah") -> #REF! | AB61: =IF(#REF!=Y61,"BETUL","SALAH") -> #REF! | AC61: =IF(#REF!>80,"CEK KEMBALI","OKE") -> #REF! | AD61: =IF(#REF!>80,"CEK KEMBALI","OKE") -> #REF! | AF61: =IF(AG61=G61,"OK","GGGEEEELLLLL") -> OK | AG61: =IF(E61=30,866,IF(E61=60,1732,IF(E61=20,577,IF(E61=10,288,IF(E61=15,433,"CEK"))))) -> 1732
A62: 48 | B62: CIKARANG | C62: GDMKR | D62: 1 | E62: 60 | F62: 150/20 | G62: 1732 | H62: 940.37482 | I62: 54.294158 | J62: 709.47935 | K62: 40.963011 | L62: 779.52173 | M62: 45.007028 | N62: 649.91705 | O62: 37.524079 | P62: 20.358023 | Q62: Kawasan industri dan Cikarang Bekasi | U62: =IF(#REF!>=80,"B","K") -> #REF! | V62: =IF(#REF!>=80,"B","K") -> #REF! | X62: =(#REF!/G62)*100 -> #REF! | Y62: =#REF!/G62*100 -> #REF! | AA62: =IF(X62=#REF!,"BETUL","salah") -> #REF! | AB62: =IF(#REF!=Y62,"BETUL","SALAH") -> #REF! | AC62: =IF(#REF!>80,"CEK KEMBALI","OKE") -> #REF! | AD62: =IF(#REF!>80,"CEK KEMBALI","OKE") -> #REF! | AF62: =IF(AG62=G62,"OK","GGGEEEELLLLL") -> OK | AG62: =IF(E62=30,866,IF(E62=60,1732,IF(E62=20,577,IF(E62=10,288,IF(E62=15,433,"CEK"))))) -> 1732
A63: 49 | B63: CIKARANG | C63: GDMKR | D63: 2 | E63: 60 | F63: 150/20 | G63: 1732 | H63: 1564.3778 | I63: 90.322047 | J63: 1176.3358 | K63: 67.917772 | L63: 1429.3363 | M63: 82.525188 | N63: 1103.0915 | O63: 63.688887 | P63: 20.363686 | Q63: Kawasan industri dan Cikarang Bekasi | U63: =IF(#REF!>=80,"B","K") -> #REF! | V63: =IF(#REF!>=80,"B","K") -> #REF! | X63: =(#REF!/G63)*100 -> #REF! | Y63: =#REF!/G63*100 -> #REF! | AA63: =IF(X63=#REF!,"BETUL","salah") -> #REF! | AB63: =IF(#REF!=Y63,"BETUL","SALAH") -> #REF! | AC63: =IF(#REF!>80,"CEK KEMBALI","OKE") -> #REF! | AD63: =IF(#REF!>80,"CEK KEMBALI","OKE") -> #REF! | AF63: =IF(AG63=G63,"OK","GGGEEEELLLLL") -> OK | AG63: =IF(E63=30,866,IF(E63=60,1732,IF(E63=20,577,IF(E63=10,288,IF(E63=15,433,"CEK"))))) -> 1732
A64: 50 | B64: CIKARANG | C64: GDMKR | D64: 3 | E64: 60 | F64: 150/20 | G64: 1732 | H64: 1633.315 | I64: 94.302251 | J64: 1257.0077 | K64: 72.575504 | L64: 1390.0004 | M64: 80.254067 | N64: 1085.1693 | O64: 62.654116 | P64: 20.256407 | Q64: Kawasan industri dan Cikarang Bekasi | U64: =IF(#REF!>=80,"B","K") -> #REF! | V64: =IF(#REF!>=80,"B","K") -> #REF! | X64: =(#REF!/G64)*100 -> #REF! | Y64: =#REF!/G64*100 -> #REF! | AA64: =IF(X64=#REF!,"BETUL","salah") -> #REF! | AB64: =IF(#REF!=Y64,"BETUL","SALAH") -> #REF! | AC64: =IF(#REF!>80,"CEK KEMBALI","OKE") -> #REF! | AD64: =IF(#REF!>80,"CEK KEMBALI","OKE") -> #REF! | AF64: =IF(AG64=G64,"OK","GGGEEEELLLLL") -> OK | AG64: =IF(E64=30,866,IF(E64=60,1732,IF(E64=20,577,IF(E64=10,288,IF(E64=15,433,"CEK"))))) -> 1732
A65: 51 | B65: CIKARANG | C65: GDMKR | D65: 4 | E65: 60 | F65: 150/20 | G65: 1732 | H65: 696.73218 | I65: 40.227031 | J65: 492.92384 | K65: 28.459806 | L65: 628.67411 | M65: 36.297582 | N65: 449.84258 | O65: 25.972436 | P65: 20.539765 | Q65: Kawasan industri dan Cikarang Bekasi | U65: =IF(#REF!>=80,"B","K") -> #REF! | V65: =IF(#REF!>=80,"B","K") -> #REF! | X65: =(#REF!/G65)*100 -> #REF! | Y65: =#REF!/G65*100 -> #REF! | AA65: =IF(X65=#REF!,"BETUL","salah") -> #REF! | AB65: =IF(#REF!=Y65,"BETUL","SALAH") -> #REF! | AC65: =IF(#REF!>80,"CEK KEMBALI","OKE") -> #REF! | AD65: =IF(#REF!>80,"CEK KEMBALI","OKE") -> #REF! | AF65: =IF(AG65=G65,"OK","GGGEEEELLLLL") -> OK | AG65: =IF(E65=30,866,IF(E65=60,1732,IF(E65=20,577,IF(E65=10,288,IF(E65=15,433,"CEK"))))) -> 1732
A66: 52 | B66: CIKARANG | C66: JBBKA | D66: 1 | E66: 60 | F66: 150/20 | G66: 1732 | H66: 1118.3418 | I66: 64.569388 | J66: 894.74079 | K66: 51.659399 | L66: 1132.4163 | M66: 65.382001 | N66: 861.46074 | O66: 49.737918 | P66: 20.46142 | Q66: Kawasan industri Jababeka Bekasi | U66: =IF(#REF!>=80,"B","K") -> #REF! | V66: =IF(#REF!>=80,"B","K") -> #REF! | X66: =(#REF!/G66)*100 -> #REF! | Y66: =#REF!/G66*100 -> #REF! | AA66: =IF(X66=#REF!,"BETUL","salah") -> #REF! | AB66: =IF(#REF!=Y66,"BETUL","SALAH") -> #REF! | AC66: =IF(#REF!>80,"CEK KEMBALI","OKE") -> #REF! | AD66: =IF(#REF!>80,"CEK KEMBALI","OKE") -> #REF! | AF66: =IF(AG66=G66,"OK","GGGEEEELLLLL") -> OK | AG66: =IF(E66=30,866,IF(E66=60,1732,IF(E66=20,577,IF(E66=10,288,IF(E66=15,433,"CEK"))))) -> 1732
A67: 53 | B67: CIKARANG | C67: JBBKA | D67: 2 | E67: 60 | F67: 150/20 | G67: 1732 | H67: 1404.3032 | I67: 81.07986 | J67: 1009.8247 | K67: 58.303969 | L67: 1203.5715 | M67: 69.490271 | N67: 886.01118 | O67: 51.15538 | P67: 20.354063 | Q67: Kawasan industri Jababeka Bekasi | U67: =IF(#REF!>=80,"B","K") -> #REF! | V67: =IF(#REF!>=80,"B","K") -> #REF! | X67: =(#REF!/G67)*100 -> #REF! | Y67: =#REF!/G67*100 -> #REF! | AA67: =IF(X67=#REF!,"BETUL","salah") -> #REF! | AB67: =IF(#REF!=Y67,"BETUL","SALAH") -> #REF! | AC67: =IF(#REF!>80,"CEK KEMBALI","OKE") -> #REF! | AD67: =IF(#REF!>80,"CEK KEMBALI","OKE") -> #REF! | AF67: =IF(AG67=G67,"OK","GGGEEEELLLLL") -> OK | AG67: =IF(E67=30,866,IF(E67=60,1732,IF(E67=20,577,IF(E67=10,288,IF(E67=15,433,"CEK"))))) -> 1732
A68: 54 | B68: CIKARANG | C68: JBBKA | D68: 3 | E68: 60 | F68: 150/20 | G68: 1732 | H68: 1443.179 | I68: 83.324422 | J68: 270.1953 | K68: 15.60019 | L68: 317.17751 | M68: 18.312789 | N68: 227.14242 | O68: 13.114459 | P68: 20.604009 | Q68: Kawasan industri Jababeka Bekasi | U68: =IF(#REF!>=80,"B","K") -> #REF! | V68: =IF(#REF!>=80,"B","K") -> #REF! | X68: =(#REF!/G68)*100 -> #REF! | Y68: =#REF!/G68*100 -> #REF! | AA68: =IF(X68=#REF!,"BETUL","salah") -> #REF! | AB68: =IF(#REF!=Y68,"BETUL","SALAH") -> #REF! | AC68: =IF(#REF!>80,"CEK KEMBALI","OKE") -> #REF! | AD68: =IF(#REF!>80,"CEK KEMBALI","OKE") -> #REF! | AF68: =IF(AG68=G68,"OK","GGGEEEELLLLL") -> OK | AG68: =IF(E68=30,866,IF(E68=60,1732,IF(E68=20,577,IF(E68=10,288,IF(E68=15,433,"CEK"))))) -> 1732
A69: 55 | B69: CIKARANG | C69: JBBKA | D69: 4 | E69: 60 | F69: 150/20 | G69: 1732 | H69: 1436.2874 | I69: 82.926522 | J69: 1108.5941 | K69: 64.006588 | L69: 1314.3207 | M69: 75.884568 | N69: 1067.8878 | O69: 61.656339 | P69: 20.5154 | Q69: Kawasan industri Jababeka Bekasi | U69: =IF(#REF!>=80,"B","K") -> #REF! | V69: =IF(#REF!>=80,"B","K") -> #REF! | X69: =(#REF!/G69)*100 -> #REF! | Y69: =#REF!/G69*100 -> #REF! | AA69: =IF(X69=#REF!,"BETUL","salah") -> #REF! | AB69: =IF(#REF!=Y69,"BETUL","SALAH") -> #REF! | AC69: =IF(#REF!>80,"CEK KEMBALI","OKE") -> #REF! | AD69: =IF(#REF!>80,"CEK KEMBALI","OKE") -> #REF! | AF69: =IF(AG69=G69,"OK","GGGEEEELLLLL") -> OK | AG69: =IF(E69=30,866,IF(E69=60,1732,IF(E69=20,577,IF(E69=10,288,IF(E69=15,433,"CEK"))))) -> 1732
A70: 56 | B70: BEKASI | C70: PT MULIA KERAMIK | E70: 60 | F70: 150 | G70: 1732 | H70: 140.64497 | I70: 8.1203795 | J70: 117.06896 | K70: 6.7591777 | L70: 141.58662 | M70: 8.1747471 | N70: 116.9115 | O70: 6.7500865 | P70: 150.31125 | U70: =IF(#REF!>=80,"B","K") -> #REF! | V70: =IF(#REF!>=80,"B","K") -> #REF! | X70: =(#REF!/G70)*100 -> #REF! | Y70: =#REF!/G70*100 -> #REF! | AA70: =IF(X70=#REF!,"BETUL","salah") -> #REF! | AB70: =IF(#REF!=Y70,"BETUL","SALAH") -> #REF! | AC70: =IF(#REF!>80,"CEK KEMBALI","OKE") -> #REF! | AD70: #REF! | AF70: =IF(AG70=G70,"OK","GGGEEEELLLLL") -> OK | AG70: =IF(E70=30,866,IF(E70=60,1732,IF(E70=20,577,IF(E70=10,288,IF(E70=15,433,"CEK"))))) -> 1732
A71: 57 | B71: BEKASI | C71: PCBRU | D71: 1 | E71: 60 | F71: 150/20 | G71: 1732 | H71: 1568.1989 | I71: 90.542661 | J71: 1209.8618 | K71: 69.853455 | L71: 1440.3797 | M71: 83.162799 | N71: 1104.9353 | O71: 63.795342 | P71: 20.359341 | Q71: Wilayah Kalimalang, Margahayu dan Bulak Kapal | U71: =IF(#REF!>=80,"B","K") -> #REF! | V71: =IF(#REF!>=80,"B","K") -> #REF! | X71: =(#REF!/G71)*100 -> #REF! | Y71: =#REF!/G71*100 -> #REF! | AA71: =IF(X71=#REF!,"BETUL","salah") -> #REF! | AB71: =IF(#REF!=Y71,"BETUL","SALAH") -> #REF! | AC71: =IF(#REF!>80,"CEK KEMBALI","OKE") -> #REF! | AD71: =IF(#REF!>80,"CEK KEMBALI","OKE") -> #REF! | AF71: =IF(AG71=G71,"OK","GGGEEEELLLLL") -> OK | AG71: =IF(E71=30,866,IF(E71=60,1732,IF(E71=20,577,IF(E71=10,288,IF(E71=15,433,"CEK"))))) -> 1732
A72: 58 | B72: BEKASI | C72: PCBRU | D72: 2 | E72: 60 | F72: 150/20 | G72: 1732 | H72: 1024.2001 | I72: 59.133953 | J72: 772.09416 | K72: 44.578185 | L72: 978.42033 | M72: 56.490781 | N72: 730.7592 | O72: 42.19164 | P72: 20.350601 | Q72: Wilayah Kalimalang, Margahayu dan Bulak Kapal | U72: =IF(#REF!>=80,"B","K") -> #REF! | V72: =IF(#REF!>=80,"B","K") -> #REF! | X72: =(#REF!/G72)*100 -> #REF! | Y72: =#REF!/G72*100 -> #REF! | AA72: =IF(X72=#REF!,"BETUL","salah") -> #REF! | AB72: =IF(#REF!=Y72,"BETUL","SALAH") -> #REF! | AC72: =IF(#REF!>80,"CEK KEMBALI","OKE") -> #REF! | AD72: =IF(#REF!>80,"CEK KEMBALI","OKE") -> #REF! | AF72: =IF(AG72=G72,"OK","GGGEEEELLLLL") -> OK | AG72: =IF(E72=30,866,IF(E72=60,1732,IF(E72=20,577,IF(E72=10,288,IF(E72=15,433,"CEK"))))) -> 1732
A73: 59 | B73: BEKASI | C73: PCBRU | D73: 3 | E73: 60 | F73: 150/20 | G73: 1732 | H73: 1443.6778 | I73: 83.35322 | J73: 996.05728 | K73: 57.509081 | L73: 1442.9189 | M73: 83.309408 | N73: 1092.6223 | O73: 63.084428 | P73: 20.548796 | Q73: Wilayah Bekasi kota, Kejaksaan, Polres | U73: =IF(#REF!>=80,"B","K") -> #REF! | V73: =IF(#REF!>=80,"B","K") -> #REF! | X73: =(#REF!/G73)*100 -> #REF! | Y73: =#REF!/G73*100 -> #REF! | AA73: =IF(X73=#REF!,"BETUL","salah") -> #REF! | AB73: =IF(#REF!=Y73,"BETUL","SALAH") -> #REF! | AC73: =IF(#REF!>80,"CEK KEMBALI","OKE") -> #REF! | AD73: =IF(#REF!>80,"CEK KEMBALI","OKE") -> #REF! | AF73: =IF(AG73=G73,"OK","GGGEEEELLLLL") -> OK | AG73: =IF(E73=30,866,IF(E73=60,1732,IF(E73=20,577,IF(E73=10,288,IF(E73=15,433,"CEK"))))) -> 1732
A74: 60 | B74: BEKASI | C74: PCBRU | D74: 4 | E74: 60 | F74: 150/20 | G74: 1732 | H74: 1088.7315 | I74: 62.859788 | J74: 868.13177 | K74: 50.123082 | L74: 1164.9063 | M74: 67.257871 | N74: 884.40744 | O74: 51.062785 | P74: 20.558942 | Q74: Wilayah Bekasi kota, Kejaksaan, Polres | U74: =IF(#REF!>=80,"B","K") -> #REF! | V74: =IF(#REF!>=80,"B","K") -> #REF! | X74: =(#REF!/G74)*100 -> #REF! | Y74: =#REF!/G74*100 -> #REF! | AA74: =IF(X74=#REF!,"BETUL","salah") -> #REF! | AB74: =IF(#REF!=Y74,"BETUL","SALAH") -> #REF! | AC74: =IF(#REF!>80,"CEK KEMBALI","OKE") -> #REF! | AD74: =IF(#REF!>80,"CEK KEMBALI","OKE") -> #REF! | AF74: =IF(AG74=G74,"OK","GGGEEEELLLLL") -> OK | AG74: =IF(E74=30,866,IF(E74=60,1732,IF(E74=20,577,IF(E74=10,288,IF(E74=15,433,"CEK"))))) -> 1732
A75: 61 | B75: BEKASI | C75: PCBRU | D75: 5 | E75: 60 | F75: 150/20 | G75: 1732 | H75: 865.89054 | I75: 49.99368 | J75: 724.24078 | K75: 41.815287 | L75: 865.81409 | M75: 49.989266 | N75: 692.04412 | O75: 39.956358 | P75: 20.412842 | Q75: Wilayah Bekasi kota, Kejaksaan, Polres | R75: Wilayah DKI Jaya | U75: =IF(#REF!>=80,"B","K") -> #REF! | V75: =IF(#REF!>=80,"B","K") -> #REF! | X75: =(#REF!/G75)*100 -> #REF! | Y75: =#REF!/G75*100 -> #REF! | AA75: =IF(X75=#REF!,"BETUL","salah") -> #REF! | AB75: =IF(#REF!=Y75,"BETUL","SALAH") -> #REF! | AC75: =IF(#REF!>80,"CEK KEMBALI","OKE") -> #REF! | AD75: =IF(#REF!>80,"CEK KEMBALI","OKE") -> #REF! | AF75: =IF(AG75=G75,"OK","GGGEEEELLLLL") -> OK | AG75: =IF(E75=30,866,IF(E75=60,1732,IF(E75=20,577,IF(E75=10,288,IF(E75=15,433,"CEK"))))) -> 1732
A76: 62 | B76: BEKASI | C76: NPCLR | D76: 1 | E76: 60 | F76: 150/20 | G76: 1732 | H76: 0 | I76: 0 | J76: 0 | K76: 0 | L76: 0 | M76: 0 | N76: 0 | O76: 0 | P76: 20 | U76: =IF(#REF!>=80,"B","K") -> #REF! | V76: =IF(#REF!>=80,"B","K") -> #REF! | X76: =(#REF!/G76)*100 -> #REF! | Y76: =#REF!/G76*100 -> #REF! | AA76: =IF(X76=#REF!,"BETUL","salah") -> #REF! | AB76: =IF(#REF!=Y76,"BETUL","SALAH") -> #REF! | AC76: =IF(#REF!>80,"CEK KEMBALI","OKE") -> #REF! | AD76: =IF(#REF!>80,"CEK KEMBALI","OKE") -> #REF! | AF76: =IF(AG76=G76,"OK","GGGEEEELLLLL") -> OK | AG76: =IF(E76=30,866,IF(E76=60,1732,IF(E76=20,577,IF(E76=10,288,IF(E76=15,433,"CEK"))))) -> 1732
A77: 63 | B77: BEKASI | C77: NPCLR | D77: 2 | E77: 60 | F77: 150/20 | G77: 1732 | H77: 0 | I77: 0 | J77: 0 | K77: 0 | L77: 0 | M77: 0 | N77: 0 | O77: 0 | P77: 20 | U77: =IF(#REF!>=80,"B","K") -> #REF! | V77: =IF(#REF!>=80,"B","K") -> #REF! | X77: =(#REF!/G77)*100 -> #REF! | Y77: =#REF!/G77*100 -> #REF! | AA77: =IF(X77=#REF!,"BETUL","salah") -> #REF! | AB77: =IF(#REF!=Y77,"BETUL","SALAH") -> #REF! | AC77: =IF(#REF!>80,"CEK KEMBALI","OKE") -> #REF! | AD77: =IF(#REF!>80,"CEK KEMBALI","OKE") -> #REF! | AF77: =IF(AG77=G77,"OK","GGGEEEELLLLL") -> OK | AG77: =IF(E77=30,866,IF(E77=60,1732,IF(E77=20,577,IF(E77=10,288,IF(E77=15,433,"CEK"))))) -> 1732
A78: 64 | B78: BEKASI | C78: PDKLP | D78: 1 | E78: 60 | F78: 150/20 | G78: 1732 | H78: 790 | I78: 45.612009 | J78: 747 | K78: 43.12933 | L78: 950 | M78: 54.849885 | N78: 875 | O78: 50.51963 | P78: 20 | Q78: Wilayah DKI Jaya | U78: =IF(#REF!>=80,"B","K") -> #REF! | V78: =IF(#REF!>=80,"B","K") -> #REF! | X78: =(#REF!/G78)*100 -> #REF! | Y78: =#REF!/G78*100 -> #REF! | AA78: =IF(X78=#REF!,"BETUL","salah") -> #REF! | AB78: =IF(#REF!=Y78,"BETUL","SALAH") -> #REF! | AC78: =IF(#REF!>80,"CEK KEMBALI","OKE") -> #REF! | AD78: =IF(#REF!>80,"CEK KEMBALI","OKE") -> #REF! | AF78: =IF(AG78=G78,"OK","GGGEEEELLLLL") -> OK | AG78: =IF(E78=30,866,IF(E78=60,1732,IF(E78=20,577,IF(E78=10,288,IF(E78=15,433,"CEK"))))) -> 1732
A79: 65 | B79: BEKASI | C79: PDKLP | D79: 2 | E79: 60 | F79: 150/20 | G79: 1732 | H79: 1350 | I79: 77.944573 | J79: 1700 | K79: 98.152425 | L79: 1200 | M79: 69.284065 | N79: 1473 | O79: 85.046189 | P79: 20 | Q79: Kawasan industri & umum Bekasi | U79: =IF(#REF!>=80,"B","K") -> #REF! | V79: =IF(#REF!>=80,"B","K") -> #REF! | X79: =(#REF!/G79)*100 -> #REF! | Y79: =#REF!/G79*100 -> #REF! | AA79: =IF(X79=#REF!,"BETUL","salah") -> #REF! | AB79: =IF(#REF!=Y79,"BETUL","SALAH") -> #REF! | AC79: =IF(#REF!>80,"CEK KEMBALI","OKE") -> #REF! | AD79: =IF(#REF!>80,"CEK KEMBALI","OKE") -> #REF! | AF79: =IF(AG79=G79,"OK","GGGEEEELLLLL") -> OK | AG79: =IF(E79=30,866,IF(E79=60,1732,IF(E79=20,577,IF(E79=10,288,IF(E79=15,433,"CEK"))))) -> 1732
A80: 66 | B80: BEKASI | C80: PDKLP | D80: 3 | E80: 60 | F80: 150/20 | G80: 1732 | H80: 800 | I80: 46.189376 | J80: 800 | K80: 46.189376 | L80: 530 | M80: 30.600462 | N80: 530 | O80: 30.600462 | P80: 20 | Q80: Kawasan industri & umum Bekasi | U80: =IF(#REF!>=80,"B","K") -> #REF! | V80: =IF(#REF!>=80,"B","K") -> #REF! | X80: =(#REF!/G80)*100 -> #REF! | Y80: =#REF!/G80*100 -> #REF! | AA80: =IF(X80=#REF!,"BETUL","salah") -> #REF! | AB80: =IF(#REF!=Y80,"BETUL","SALAH") -> #REF! | AC80: =IF(#REF!>80,"CEK KEMBALI","OKE") -> #REF! | AD80: =IF(#REF!>80,"CEK KEMBALI","OKE") -> #REF! | AF80: =IF(AG80=G80,"OK","GGGEEEELLLLL") -> OK | AG80: =IF(E80=30,866,IF(E80=60,1732,IF(E80=20,577,IF(E80=10,288,IF(E80=15,433,"CEK"))))) -> 1732
A81: 67 | B81: BEKASI | C81: TMBUN | D81: 1 | E81: 60 | F81: 150/20 | G81: 1732 | H81: 1216.8517 | I81: 70.257028 | J81: 998.20445 | K81: 57.633051 | L81: 1300.4314 | M81: 75.082642 | N81: 1076.8845 | O81: 62.175779 | P81: 20.479096 | Q81: Wilayah Kota Legenda dan Bekasi Timur | U81: =IF(#REF!>=80,"B","K") -> #REF! | V81: =IF(#REF!>=80,"B","K") -> #REF! | X81: =(#REF!/G81)*100 -> #REF! | Y81: =#REF!/G81*100 -> #REF! | AA81: =IF(X81=#REF!,"BETUL","salah") -> #REF! | AB81: =IF(#REF!=Y81,"BETUL","SALAH") -> #REF! | AC81: =IF(#REF!>80,"CEK KEMBALI","OKE") -> #REF! | AD81: #REF! | AF81: =IF(AG81=G81,"OK","GGGEEEELLLLL") -> OK | AG81: =IF(E81=30,866,IF(E81=60,1732,IF(E81=20,577,IF(E81=10,288,IF(E81=15,433,"CEK"))))) -> 1732
A82: 68 | B82: BEKASI | C82: TMBUN | D82: 2 | E82: 60 | F82: 150/20 | G82: 1732 | H82: 1447.7187 | I82: 83.586528 | J82: 1137.6081 | K82: 65.681759 | L82: 1379.9654 | M82: 79.674677 | N82: 1124.6927 | O82: 64.936069 | P82: 20.519989 | Q82: Wilayah Kota Legenda dan Bekasi Timur | U82: =IF(#REF!>=80,"B","K") -> #REF! | V82: =IF(#REF!>=80,"B","K") -> #REF! | X82: =(#REF!/G82)*100 -> #REF! | Y82: =#REF!/G82*100 -> #REF! | AA82: =IF(X82=#REF!,"BETUL","salah") -> #REF! | AB82: =IF(#REF!=Y82,"BETUL","SALAH") -> #REF! | AC82: =IF(#REF!>80,"CEK KEMBALI","OKE") -> #REF! | AD82: =IF(#REF!>80,"CEK KEMBALI","OKE") -> #REF! | AF82: =IF(AG82=G82,"OK","GGGEEEELLLLL") -> OK | AG82: =IF(E82=30,866,IF(E82=60,1732,IF(E82=20,577,IF(E82=10,288,IF(E82=15,433,"CEK"))))) -> 1732
A83: 69 | B83: BEKASI | C83: TMBUN | D83: 3 | E83: 60 | F83: 150/20 | G83: 1732 | H83: 1405.2771 | I83: 81.136089 | J83: 1104.1078 | K83: 63.747561 | L83: 1381.557 | M83: 79.766573 | N83: 1111.8402 | O83: 64.194006 | P83: 20.439298 | Q83: Wilayah Kota Legenda dan Bekasi Timur | U83: =IF(#REF!>=80,"B","K") -> #REF! | V83: =IF(#REF!>=80,"B","K") -> #REF! | X83: =(#REF!/G83)*100 -> #REF! | Y83: =#REF!/G83*100 -> #REF! | AA83: =IF(X83=#REF!,"BETUL","salah") -> #REF! | AB83: =IF(#REF!=Y83,"BETUL","SALAH") -> #REF! | AC83: =IF(#REF!>80,"CEK KEMBALI","OKE") -> #REF! | AD83: =IF(#REF!>80,"CEK KEMBALI","OKE") -> #REF! | AF83: =IF(AG83=G83,"OK","GGGEEEELLLLL") -> OK | AG83: =IF(E83=30,866,IF(E83=60,1732,IF(E83=20,577,IF(E83=10,288,IF(E83=15,433,"CEK"))))) -> 1732
A84: 70 | B84: BEKASI | C84: TMBUN | D84: 5 | E84: 60 | F84: 150/20 | G84: 1732 | H84: 1408.4894 | I84: 81.32156 | J84: 1120.157 | K84: 64.674192 | L84: 1414.1236 | M84: 81.64686 | N84: 1138.3421 | O84: 65.724141 | P84: 20.482511 | Q84: Wilayah Kota Legenda dan Bekasi Timur | U84: =IF(#REF!>=80,"B","K") -> #REF! | V84: =IF(#REF!>=80,"B","K") -> #REF! | X84: =(#REF!/G84)*100 -> #REF! | Y84: =#REF!/G84*100 -> #REF! | AA84: =IF(X84=#REF!,"BETUL","salah") -> #REF! | AB84: =IF(#REF!=Y84,"BETUL","SALAH") -> #REF! | AC84: =IF(#REF!>80,"CEK KEMBALI","OKE") -> #REF! | AD84: =IF(#REF!>80,"CEK KEMBALI","OKE") -> #REF! | AF84: =IF(AG84=G84,"OK","GGGEEEELLLLL") -> OK | AG84: =IF(E84=30,866,IF(E84=60,1732,IF(E84=20,577,IF(E84=10,288,IF(E84=15,433,"CEK"))))) -> 1732
A85: 71 | B85: BEKASI | C85: NTMBN | D85: 1 | E85: 60 | F85: 150/20 | G85: 1732 | H85: 864.3524 | I85: 49.904873 | J85: 586.67149 | K85: 33.872488 | L85: 811.17202 | M85: 46.834412 | N85: 544.87871 | O85: 31.45951 | P85: 20.186566 | U85: =IF(#REF!>=80,"B","K") -> #REF! | V85: =IF(#REF!>=80,"B","K") -> #REF! | X85: =(#REF!/G85)*100 -> #REF! | Y85: =#REF!/G85*100 -> #REF! | AA85: =IF(X85=#REF!,"BETUL","salah") -> #REF! | AB85: =IF(#REF!=Y85,"BETUL","SALAH") -> #REF! | AC85: =IF(#REF!>80,"CEK KEMBALI","OKE") -> #REF! | AD85: =IF(#REF!>80,"CEK KEMBALI","OKE") -> #REF! | AF85: =IF(AG85=G85,"OK","GGGEEEELLLLL") -> OK | AG85: =IF(E85=30,866,IF(E85=60,1732,IF(E85=20,577,IF(E85=10,288,IF(E85=15,433,"CEK"))))) -> 1732
A86: 72 | B86: BEKASI | C86: NTMBN | D86: 2 | E86: 60 | F86: 150/20 | G86: 1732 | H86: 301.5279 | I86: 17.409232 | J86: 141.52952 | K86: 8.1714504 | L86: 292.05193 | M86: 16.862121 | N86: 133.1943 | O86: 7.6902023 | P86: 20.216019 | U86: =IF(#REF!>=80,"B","K") -> #REF! | V86: =IF(#REF!>=80,"B","K") -> #REF! | X86: =(#REF!/G86)*100 -> #REF! | Y86: =#REF!/G86*100 -> #REF! | AA86: =IF(X86=#REF!,"BETUL","salah") -> #REF! | AB86: =IF(#REF!=Y86,"BETUL","SALAH") -> #REF! | AC86: =IF(#REF!>80,"CEK KEMBALI","OKE") -> #REF! | AD86: #REF! | AF86: =IF(AG86=G86,"OK","GGGEEEELLLLL") -> OK | AG86: =IF(E86=30,866,IF(E86=60,1732,IF(E86=20,577,IF(E86=10,288,IF(E86=15,433,"CEK"))))) -> 1732
A87: 73 | B87: CIKARANG | C87: RJPSI | D87: 1 | E87: 60 | F87: 150/20 | G87: 1732 | H87: 986.07764 | I87: 56.932889 | J87: 779.91947 | K87: 45.029993 | L87: 1067.5899 | M87: 61.639139 | N87: 821.41163 | O87: 47.425614 | P87: 20.568702 | Q87: Wilayah Kota Legenda dan Bekasi Timur | U87: =IF(#REF!>=80,"B","K") -> #REF! | V87: =IF(#REF!>=80,"B","K") -> #REF! | X87: =(#REF!/G87)*100 -> #REF! | Y87: =#REF!/G87*100 -> #REF! | AA87: =IF(X87=#REF!,"BETUL","salah") -> #REF! | AB87: =IF(#REF!=Y87,"BETUL","SALAH") -> #REF! | AC87: =IF(#REF!>80,"CEK KEMBALI","OKE") -> #REF! | AD87: =IF(#REF!>80,"CEK KEMBALI","OKE") -> #REF! | AF87: =IF(AG87=G87,"OK","GGGEEEELLLLL") -> OK | AG87: =IF(E87=30,866,IF(E87=60,1732,IF(E87=20,577,IF(E87=10,288,IF(E87=15,433,"CEK"))))) -> 1732
A88: 74 | B88: CIKARANG | C88: RJPSI | D88: 2 | E88: 60 | F88: 150/20 | G88: 1732 | H88: 997.47573 | I88: 57.590977 | J88: 782.12131 | K88: 45.15712 | L88: 1055.9563 | M88: 60.967451 | N88: 790.46028 | O88: 45.638584 | P88: 20.580808 | Q88: Wilayah Kota Legenda dan Bekasi Timur | U88: =IF(#REF!>=80,"B","K") -> #REF! | V88: =IF(#REF!>=80,"B","K") -> #REF! | X88: =(#REF!/G88)*100 -> #REF! | Y88: =#REF!/G88*100 -> #REF! | AA88: =IF(X88=#REF!,"BETUL","salah") -> #REF! | AB88: =IF(#REF!=Y88,"BETUL","SALAH") -> #REF! | AC88: =IF(#REF!>80,"CEK KEMBALI","OKE") -> #REF! | AD88: =IF(#REF!>80,"CEK KEMBALI","OKE") -> #REF! | AF88: =IF(AG88=G88,"OK","GGGEEEELLLLL") -> OK | AG88: =IF(E88=30,866,IF(E88=60,1732,IF(E88=20,577,IF(E88=10,288,IF(E88=15,433,"CEK"))))) -> 1732
A89: 75 | B89: BEKASI | C89: HNDAH | D89: 1 | E89: 60 | F89: 150/20 | G89: 1732 | H89: 575 | I89: 33.198614 | J89: 488 | K89: 28.17552 | L89: 845 | M89: 48.787529 | N89: 515 | O89: 29.734411 | P89: 20 | Q89: Wilayah Kota Legenda dan Bekasi Timur | U89: =IF(#REF!>=80,"B","K") -> #REF! | V89: =IF(#REF!>=80,"B","K") -> #REF! | X89: =(#REF!/G89)*100 -> #REF! | Y89: =#REF!/G89*100 -> #REF! | AA89: =IF(X89=#REF!,"BETUL","salah") -> #REF! | AB89: =IF(#REF!=Y89,"BETUL","SALAH") -> #REF! | AC89: =IF(#REF!>80,"CEK KEMBALI","OKE") -> #REF! | AD89: =IF(#REF!>80,"CEK KEMBALI","OKE") -> #REF! | AF89: =IF(AG89=G89,"OK","GGGEEEELLLLL") -> OK | AG89: =IF(E89=30,866,IF(E89=60,1732,IF(E89=20,577,IF(E89=10,288,IF(E89=15,433,"CEK"))))) -> 1732
A90: 76 | B90: BEKASI | C90: HNDAH | D90: 2 | E90: 60 | F90: 150/20 | G90: 1732 | H90: 725 | I90: 41.859122 | J90: 646 | K90: 37.297921 | L90: 920 | M90: 53.117783 | N90: 770 | O90: 44.457275 | P90: 20 | Q90: Wilayah Kota Legenda dan Bekasi Timur | U90: =IF(#REF!>=80,"B","K") -> #REF! | V90: =IF(#REF!>=80,"B","K") -> #REF! | X90: =(#REF!/G90)*100 -> #REF! | Y90: =#REF!/G90*100 -> #REF! | AA90: =IF(X90=#REF!,"BETUL","salah") -> #REF! | AB90: =IF(#REF!=Y90,"BETUL","SALAH") -> #REF! | AC90: =IF(#REF!>80,"CEK KEMBALI","OKE") -> #REF! | AD90: =IF(#REF!>80,"CEK KEMBALI","OKE") -> #REF! | AF90: =IF(AG90=G90,"OK","GGGEEEELLLLL") -> OK | AG90: =IF(E90=30,866,IF(E90=60,1732,IF(E90=20,577,IF(E90=10,288,IF(E90=15,433,"CEK"))))) -> 1732
A91: 77 | B91: CIKARANG | C91: SKTNI | D91: 1 | E91: 60 | F91: 150/20 | G91: 1732 | H91: 803.35879 | I91: 46.383302 | J91: 651.32274 | K91: 37.605239 | L91: 848.4726 | M91: 48.988025 | N91: 700.15903 | O91: 40.424886 | P91: 20.480278 | Q91: Wilayah Kota Legenda dan Bekasi Timur | U91: =IF(#REF!>=80,"B","K") -> #REF! | V91: =IF(#REF!>=80,"B","K") -> #REF! | X91: =(#REF!/G91)*100 -> #REF! | Y91: =#REF!/G91*100 -> #REF! | AA91: =IF(X91=#REF!,"BETUL","salah") -> #REF! | AB91: =IF(#REF!=Y91,"BETUL","SALAH") -> #REF! | AC91: =IF(#REF!>80,"CEK KEMBALI","OKE") -> #REF! | AD91: =IF(#REF!>80,"CEK KEMBALI","OKE") -> #REF! | AF91: =IF(AG91=G91,"OK","GGGEEEELLLLL") -> OK | AG91: =IF(E91=30,866,IF(E91=60,1732,IF(E91=20,577,IF(E91=10,288,IF(E91=15,433,"CEK"))))) -> 1732
A92: 78 | B92: CIKARANG | C92: SKTNI | D92: 2 | E92: 60 | F92: 150/20 | G92: 1732 | H92: 832.07747 | I92: 48.041425 | J92: 591.4985 | K92: 34.151184 | L92: 810.48216 | M92: 46.794582 | N92: 567.1528 | O92: 32.745542 | P92: 20.569295 | Q92: Wilayah Kota Legenda dan Bekasi Timur | U92: =IF(#REF!>=80,"B","K") -> #REF! | V92: =IF(#REF!>=80,"B","K") -> #REF! | X92: =(#REF!/G92)*100 -> #REF! | Y92: =#REF!/G92*100 -> #REF! | AA92: =IF(X92=#REF!,"BETUL","salah") -> #REF! | AB92: =IF(#REF!=Y92,"BETUL","SALAH") -> #REF! | AC92: =IF(#REF!>80,"CEK KEMBALI","OKE") -> #REF! | AD92: =IF(#REF!>80,"CEK KEMBALI","OKE") -> #REF! | AF92: =IF(AG92=G92,"OK","GGGEEEELLLLL") -> OK | AG92: =IF(E92=30,866,IF(E92=60,1732,IF(E92=20,577,IF(E92=10,288,IF(E92=15,433,"CEK"))))) -> 1732
A93: 79 | B93: BEKASI | C93: SMRCN | D93: 1 | E93: 60 | F93: 150/20 | G93: 1732 | H93: 845.73722 | I93: 48.830094 | J93: 641.25285 | K93: 37.023836 | L93: 852.09829 | M93: 49.197361 | N93: 612.87005 | O93: 35.385107 | P93: 20.704101 | Q93: Wilayah Kota Legenda dan Bekasi Timur | U93: =IF(#REF!>=80,"B","K") -> #REF! | V93: =IF(#REF!>=80,"B","K") -> #REF! | X93: =(#REF!/G93)*100 -> #REF! | Y93: =#REF!/G93*100 -> #REF! | AA93: =IF(X93=#REF!,"BETUL","salah") -> #REF! | AB93: =IF(#REF!=Y93,"BETUL","SALAH") -> #REF! | AC93: =IF(#REF!>80,"CEK KEMBALI","OKE") -> #REF! | AD93: =IF(#REF!>80,"CEK KEMBALI","OKE") -> #REF! | AF93: =IF(AG93=G93,"OK","GGGEEEELLLLL") -> OK | AG93: =IF(E93=30,866,IF(E93=60,1732,IF(E93=20,577,IF(E93=10,288,IF(E93=15,433,"CEK"))))) -> 1732
A94: 80 | B94: BEKASI | C94: SMRCN | D94: 2 | E94: 60 | F94: 150/20 | G94: 1732 | H94: 261.1384 | I94: 15.077275 | J94: 144.84123 | K94: 8.3626576 | L94: 189.90957 | M94: 10.964756 | N94: 151.78097 | O94: 8.7633353 | P94: 20.730918 | Q94: Wilayah Kota Legenda dan Bekasi Timur | R94: Trafo Konsumen | U94: =IF(#REF!>=80,"B","K") -> #REF! | V94: =IF(#REF!>=80,"B","K") -> #REF! | X94: =(#REF!/G94)*100 -> #REF! | Y94: =#REF!/G94*100 -> #REF! | AA94: =IF(X94=#REF!,"BETUL","salah") -> #REF! | AB94: =IF(#REF!=Y94,"BETUL","SALAH") -> #REF! | AC94: =IF(#REF!>80,"CEK KEMBALI","OKE") -> #REF! | AD94: =IF(#REF!>80,"CEK KEMBALI","OKE") -> #REF! | AF94: =IF(AG94=G94,"OK","GGGEEEELLLLL") -> OK | AG94: =IF(E94=30,866,IF(E94=60,1732,IF(E94=20,577,IF(E94=10,288,IF(E94=15,433,"CEK"))))) -> 1732
A95: 81 | B95: CIKARANG | C95: DLTMS | D95: 1 | E95: 60 | F95: 150/20 | G95: 1732 | H95: 670.41602 | I95: 38.707622 | J95: 421.43008 | K95: 24.331991 | L95: 503.15815 | M95: 29.050702 | N95: 291.62274 | O95: 16.837341 | P95: 20.59254 | Q95: Wilayah Kota Legenda dan Bekasi Timur | U95: =IF(#REF!>=80,"B","K") -> #REF! | V95: =IF(#REF!>=80,"B","K") -> #REF! | X95: =(#REF!/G95)*100 -> #REF! | Y95: =#REF!/G95*100 -> #REF! | AA95: =IF(X95=#REF!,"BETUL","salah") -> #REF! | AB95: =IF(#REF!=Y95,"BETUL","SALAH") -> #REF! | AC95: =IF(#REF!>80,"CEK KEMBALI","OKE") -> #REF! | AD95: =IF(#REF!>80,"CEK KEMBALI","OKE") -> #REF! | AF95: =IF(AG95=G95,"OK","GGGEEEELLLLL") -> OK | AG95: =IF(E95=30,866,IF(E95=60,1732,IF(E95=20,577,IF(E95=10,288,IF(E95=15,433,"CEK"))))) -> 1732
A96: 82 | B96: CIKARANG | C96: DLTMS | D96: 2 | E96: 60 | F96: 150/20 | G96: 1732 | H96: 624.1795 | I96: 36.038078 | J96: 412.74209 | K96: 23.830375 | L96: 440.39302 | M96: 25.426848 | N96: 313.77572 | O96: 18.116381 | P96: 20.578991 | Q96: Wilayah Kota Legenda dan Bekasi Timur | U96: =IF(#REF!>=80,"B","K") -> #REF! | V96: =IF(#REF!>=80,"B","K") -> #REF! | X96: =(#REF!/G96)*100 -> #REF! | Y96: =#REF!/G96*100 -> #REF! | AA96: =IF(X96=#REF!,"BETUL","salah") -> #REF! | AB96: =IF(#REF!=Y96,"BETUL","SALAH") -> #REF! | AC96: =IF(#REF!>80,"CEK KEMBALI","OKE") -> #REF! | AD96: =IF(#REF!>80,"CEK KEMBALI","OKE") -> #REF! | AF96: =IF(AG96=G96,"OK","GGGEEEELLLLL") -> OK | AG96: =IF(E96=30,866,IF(E96=60,1732,IF(E96=20,577,IF(E96=10,288,IF(E96=15,433,"CEK"))))) -> 1732
A97: 83 | B97: BEKASI | C97: PT TOYOGIRI IRON STEEL | E97: 37.5 | F97: 70 | G97: 1083 | H97: 51.446326 | I97: 4.7503533 | J97: 32.81654 | K97: 3.0301514 | L97: 47.268873 | M97: 4.3646235 | N97: 31.272726 | O97: 2.8876017 | P97: 70.437959 | Q97: PT. Toyogiri | U97: =IF(#REF!>=80,"B","K") -> #REF! | V97: =IF(#REF!>=80,"B","K") -> #REF! | X97: =(#REF!/G97)*100 -> #REF! | Y97: =#REF!/G97*100 -> #REF! | AA97: =IF(X97=#REF!,"BETUL","salah") -> #REF! | AB97: =IF(#REF!=Y97,"BETUL","SALAH") -> #REF! | AC97: =IF(#REF!>80,"CEK KEMBALI","OKE") -> #REF! | AD97: =IF(#REF!>80,"CEK KEMBALI","OKE") -> #REF! | AF97: =IF(AG97=G97,"OK","GGGEEEELLLLL") -> GGGEEEELLLLL | AG97: =IF(E97=30,866,IF(E97=60,1732,IF(E97=20,577,IF(E97=10,288,IF(E97=15,433,"CEK"))))) -> CEK
A98: 84 | B98: BEKASI | C98: PT GUNUNG RAJAPAKSI | E98: 144 | F98: 150 | G98: 2047 | H98: 384.77871 | I98: 18.797201 | J98: 193.98968 | K98: 9.4767797 | L98: 341.92817 | M98: 16.703868 | N98: 195.26059 | O98: 9.5388659 | P98: 149.98998 | Q98: PT GUNUNG RAJAPAKSI | U98: =IF(#REF!>=80,"B","K") -> #REF! | V98: =IF(#REF!>=80,"B","K") -> #REF! | X98: =(#REF!/G98)*100 -> #REF! | Y98: =#REF!/G98*100 -> #REF! | AA98: =IF(X98=#REF!,"BETUL","salah") -> #REF! | AB98: =IF(#REF!=Y98,"BETUL","SALAH") -> #REF! | AC98: =IF(#REF!>80,"CEK KEMBALI","OKE") -> #REF! | AD98: =IF(#REF!>80,"CEK KEMBALI","OKE") -> #REF! | AF98: =IF(AG98=G98,"OK","GGGEEEELLLLL") -> GGGEEEELLLLL | AG98: =IF(E98=30,866,IF(E98=60,1732,IF(E98=20,577,IF(E98=10,288,IF(E98=15,433,"CEK"))))) -> CEK
A99: 85 | B99: BOGOR | C99: BGBRU | D99: 3 | E99: 60 | F99: 150/20 | G99: 1732 | H99: 1301.4291 | I99: 75.140249 | J99: 871.55402 | K99: 50.320671 | L99: 1239.9587 | M99: 71.591151 | N99: 840.07604 | O99: 48.503235 | P99: 20.466445 | Q99: Wilayah industri & umum Bogor barat | U99: =IF(#REF!>=80,"B","K") -> #REF! | V99: =IF(#REF!>=80,"B","K") -> #REF! | X99: =(#REF!/G99)*100 -> #REF! | Y99: =#REF!/G99*100 -> #REF! | AA99: =IF(X99=#REF!,"BETUL","salah") -> #REF! | AB99: =IF(#REF!=Y99,"BETUL","SALAH") -> #REF! | AC99: =IF(#REF!>80,"CEK KEMBALI","OKE") -> #REF! | AD99: =IF(#REF!>80,"CEK KEMBALI","OKE") -> #REF! | AF99: =IF(AG99=G99,"OK","GGGEEEELLLLL") -> OK | AG99: =IF(E99=30,866,IF(E99=60,1732,IF(E99=20,577,IF(E99=10,288,IF(E99=15,433,"CEK"))))) -> 1732
A100: 86 | B100: BOGOR | C100: BGBRU | D100: 4 | E100: 60 | F100: 150/20 | G100: 1732 | H100: 1053.9303 | I100: 60.850481 | J100: 829.02634 | K100: 47.865262 | L100: 1072.4825 | M100: 61.921623 | N100: 811.81081 | O100: 46.871294 | P100: 20.219554 | Q100: Wilayah industri & umum Bogor Barat | R100: Relokasi GI DPKBR 3 | U100: =IF(#REF!>=80,"B","K") -> #REF! | V100: =IF(#REF!>=80,"B","K") -> #REF! | X100: =(#REF!/G100)*100 -> #REF! | Y100: =#REF!/G100*100 -> #REF! | AA100: =IF(X100=#REF!,"BETUL","salah") -> #REF! | AB100: =IF(#REF!=Y100,"BETUL","SALAH") -> #REF! | AC100: =IF(#REF!>80,"CEK KEMBALI","OKE") -> #REF! | AD100: =IF(#REF!>80,"CEK KEMBALI","OKE") -> #REF! | AF100: =IF(AG100=G100,"OK","GGGEEEELLLLL") -> OK | AG100: =IF(E100=30,866,IF(E100=60,1732,IF(E100=20,577,IF(E100=10,288,IF(E100=15,433,"CEK"))))) -> 1732
A101: 87 | B101: BOGOR | C101: BGBRU | D101: 5 | E101: 60 | F101: 150/20 | G101: 1732 | H101: 956.90114 | I101: 55.248334 | J101: 717.40346 | K101: 41.420523 | L101: 877.33266 | M101: 50.654311 | N101: 655.98724 | O101: 37.874552 | P101: 20.13206 | Q101: Wilayah industri & umum Bogor Barat | U101: =IF(#REF!>=80,"B","K") -> #REF! | V101: =IF(#REF!>=80,"B","K") -> #REF! | X101: =(#REF!/G101)*100 -> #REF! | Y101: =#REF!/G101*100 -> #REF! | AA101: =IF(X101=#REF!,"BETUL","salah") -> #REF! | AB101: =IF(#REF!=Y101,"BETUL","SALAH") -> #REF! | AC101: =IF(#REF!>80,"CEK KEMBALI","OKE") -> #REF! | AD101: =IF(#REF!>80,"CEK KEMBALI","OKE") -> #REF! | AF101: =IF(AG101=G101,"OK","GGGEEEELLLLL") -> OK | AG101: =IF(E101=30,866,IF(E101=60,1732,IF(E101=20,577,IF(E101=10,288,IF(E101=15,433,"CEK"))))) -> 1732
A102: 88 | B102: BOGOR | C102: BGBRU | D102: 6 | E102: 60 | F102: 150/20 | G102: 1732 | H102: 1613.3788 | I102: 93.1512 | J102: 1204.9335 | K102: 69.568909 | L102: 1498.9071 | M102: 86.541978 | N102: 1148.4225 | O102: 66.306149 | P102: 20.210609 | Q102: Wilayah industri & umum Bogor Barat | R102: Trafo Konsumen / standby konsumen TT (SCBNG) | U102: =IF(#REF!>=80,"B","K") -> #REF! | V102: =IF(#REF!>=80,"B","K") -> #REF! | X102: =(#REF!/G102)*100 -> #REF! | Y102: =#REF!/G102*100 -> #REF! | AA102: =IF(X102=#REF!,"BETUL","salah") -> #REF! | AB102: =IF(#REF!=Y102,"BETUL","SALAH") -> #REF! | AC102: =IF(#REF!>80,"CEK KEMBALI","OKE") -> #REF! | AD102: =IF(#REF!>80,"CEK KEMBALI","OKE") -> #REF! | AF102: =IF(AG102=G102,"OK","GGGEEEELLLLL") -> OK | AG102: =IF(E102=30,866,IF(E102=60,1732,IF(E102=20,577,IF(E102=10,288,IF(E102=15,433,"CEK"))))) -> 1732
A103: 89 | B103: BOGOR | C103: BUNAR | D103: 1 | E103: 30 | F103: 70/20 | G103: 866 | H103: 684.0567 | I103: 78.990381 | J103: 382.83948 | K103: 44.207792 | L103: 726.61928 | M103: 83.905229 | N103: 421.32915 | O103: 48.652326 | P103: 20.406713 | Q103: Wilayah Bunar Bogor | R103: Trafo Konsumen - DKI | U103: =IF(#REF!>=80,"B","K") -> #REF! | V103: =IF(#REF!>=80,"B","K") -> #REF! | X103: =(#REF!/G103)*100 -> #REF! | Y103: =#REF!/G103*100 -> #REF! | AA103: =IF(X103=#REF!,"BETUL","salah") -> #REF! | AB103: =IF(#REF!=Y103,"BETUL","SALAH") -> #REF! | AC103: =IF(#REF!>80,"CEK KEMBALI","OKE") -> #REF! | AD103: =IF(#REF!>80,"CEK KEMBALI","OKE") -> #REF! | AF103: =IF(AG103=G103,"OK","GGGEEEELLLLL") -> OK | AG103: =IF(E103=30,866,IF(E103=60,1732,IF(E103=20,577,IF(E103=10,288,IF(E103=15,433,"CEK"))))) -> 866
A104: 90 | B104: BOGOR | C104: BUNAR | D104: 2 | E104: 30 | F104: 70/20 | G104: 866 | H104: 585.4257 | I104: 67.60112 | J104: 336.95856 | K104: 38.909764 | L104: 574.04248 | M104: 66.286661 | N104: 360.19814 | O104: 41.593318 | P104: 20.514909 | Q104: Wilayah Bunar Bogor | U104: =IF(#REF!>=80,"B","K") -> #REF! | V104: =IF(#REF!>=80,"B","K") -> #REF! | X104: =(#REF!/G104)*100 -> #REF! | Y104: =#REF!/G104*100 -> #REF! | AA104: =IF(X104=#REF!,"BETUL","salah") -> #REF! | AB104: =IF(#REF!=Y104,"BETUL","SALAH") -> #REF! | AC104: =IF(#REF!>80,"CEK KEMBALI","OKE") -> #REF! | AD104: =IF(#REF!>80,"CEK KEMBALI","OKE") -> #REF! | AF104: =IF(AG104=G104,"OK","GGGEEEELLLLL") -> OK | AG104: =IF(E104=30,866,IF(E104=60,1732,IF(E104=20,577,IF(E104=10,288,IF(E104=15,433,"CEK"))))) -> 866
A105: 91 | B105: BOGOR | C105: PT. HOLCIM (SEMEN LAMA) | E105: 35 | F105: 70 | G105: 866 | H105: 128.19067 | I105: 14.802617 | J105: 100.78488 | K105: 11.637977 | L105: 113.21884 | M105: 13.07377 | N105: 100.10742 | O105: 11.559748 | P105: 70.023144 | Q105: Industri PT Semen Cibinong Bogor | U105: =IF(#REF!>=80,"B","K") -> #REF! | V105: =IF(#REF!>=80,"B","K") -> #REF! | X105: =(#REF!/G105)*100 -> #REF! | Y105: =#REF!/G105*100 -> #REF! | AA105: =IF(X105=#REF!,"BETUL","salah") -> #REF! | AB105: =IF(#REF!=Y105,"BETUL","SALAH") -> #REF! | AC105: =IF(#REF!>80,"CEK KEMBALI","OKE") -> #REF! | AD105: =IF(#REF!>80,"CEK KEMBALI","OKE") -> #REF! | AF105: =IF(AG105=G105,"OK","GGGEEEELLLLL") -> GGGEEEELLLLL | AG105: =IF(E105=30,866,IF(E105=60,1732,IF(E105=20,577,IF(E105=10,288,IF(E105=15,433,"CEK"))))) -> CEK
A106: 92 | B106: BOGOR | C106: PT. INDOCEMENT TUNGGAL PRAKARSA (SEMEN TIGA RODA) | E106: 80 | F106: 150 | G106: 2309.4688 | H106: 685.49209 | I106: 29.681807 | J106: 243.39644 | K106: 10.539066 | L106: 664.33128 | M106: 28.765544 | N106: 231.11906 | O106: 10.007455 | P106: 148.52862 | Q106: Wilayah Indocement Tunggal Perkasa | U106: =IF(#REF!>=80,"B","K") -> #REF! | V106: =IF(#REF!>=80,"B","K") -> #REF! | X106: =(#REF!/G106)*100 -> #REF! | Y106: =#REF!/G106*100 -> #REF! | AA106: =IF(X106=#REF!,"BETUL","salah") -> #REF! | AB106: =IF(#REF!=Y106,"BETUL","SALAH") -> #REF! | AC106: =IF(#REF!>80,"CEK KEMBALI","OKE") -> #REF! | AD106: =IF(#REF!>80,"CEK KEMBALI","OKE") -> #REF! | AF106: =IF(AG106=G106,"OK","GGGEEEELLLLL") -> GGGEEEELLLLL | AG106: =IF(E106=30,866,IF(E106=60,1732,IF(E106=20,577,IF(E106=10,288,IF(E106=15,433,"CEK"))))) -> CEK
A107: 93 | B107: BOGOR | C107: CIAWI | D107: 1 | E107: 60 | F107: 150/20 | G107: 1732 | H107: 1059.3896 | I107: 61.165679 | J107: 795.53565 | K107: 45.93162 | L107: 1046.0354 | M107: 60.394656 | N107: 854.75403 | O107: 49.350694 | P107: 20.52022 | Q107: Wilayah Ciawi Bogor | U107: =IF(#REF!>=80,"B","K") -> #REF! | V107: =IF(#REF!>=80,"B","K") -> #REF! | X107: =(#REF!/G107)*100 -> #REF! | Y107: =#REF!/G107*100 -> #REF! | AA107: =IF(X107=#REF!,"BETUL","salah") -> #REF! | AB107: =IF(#REF!=Y107,"BETUL","SALAH") -> #REF! | AC107: =IF(#REF!>80,"CEK KEMBALI","OKE") -> #REF! | AD107: =IF(#REF!>80,"CEK KEMBALI","OKE") -> #REF! | AF107: =IF(AG107=G107,"OK","GGGEEEELLLLL") -> OK | AG107: =IF(E107=30,866,IF(E107=60,1732,IF(E107=20,577,IF(E107=10,288,IF(E107=15,433,"CEK"))))) -> 1732
...

Sheet PERMANEN TRF(3)
B2: BEBAN TRAFO GARDU INDUK DISTRIBUSI JABAR & BANTEN
A6: LAMPIRAN XI.3
A7: BEBAN TRAFO GARDU INDUK ≥ 80 % PERMANEN 6 BULAN TERAKHIR
A8: NOVEMBER 2021 - APRIL 2022
A9: N0 | B9: UP3 | C9: GI | D9: TRF | E9: DAYA | F9: TGN | G9: I NOM | H9: November | L9: Desember | P9: Januari | T9: Februari | X9: Maret | AB9: April | AF9: KETERANGAN | AG9: 1 | AI9: 2 | AK9: 3 | AM9: 4 | AO9: 5 | AQ9: 6
H10: Siang | J10: Malam | L10: Siang | N10: Malam | P10: Siang | R10: Malam | T10: Siang | V10: Malam | X10: Siang | Z10: Malam | AB10: Siang | AD10: Malam | AG10: S | AH10: M | AI10: S | AJ10: M | AK10: S | AL10: M | AM10: S | AN10: M | AO10: S | AP10: M | AQ10: S | AR10: M
F11: (kV) | H11: A | I11: % | J11: A | K11: % | L11: A | M11: % | N11: A | O11: % | P11: A | Q11: % | R11: A | S11: % | T11: A | U11: % | V11: A | W11: % | X11: A | Y11: % | Z11: A | AA11: % | AB11: A | AC11: % | AD11: A | AE11: %
A12: 1 | B12: BEKASI | C12: BKASI | D12: 1 | E12: 60 | F12: 150/20 | G12: 1732 | H12: 1372.6535 | I12: 79.252513 | J12: 1451.0879 | K12: 83.781058 | L12: 1343.4096 | M12: 77.564064 | N12: 1544.8065 | O12: 89.192062 | P12: 1246.2468 | Q12: 71.954202 | R12: 1428.3643 | S12: 82.469073 | T12: 1315.5136 | U12: 75.953441 | V12: 1349.9166 | W12: 77.939757 | X12: 1386.9709 | Y12: 80.079154 | Z12: 1500.4079 | AA12: 86.62863 | AB12: 1297.4959 | AC12: 74.913158 | AD12: 1413.2721 | AE12: 81.597694 | AF12: Beban manuver | AG12: Beban manuver | AH12: =IF(((J12/G12)*100)=K12,"BENAR","N") -> BENAR | AI12: =IF(((L12/G12)*100)=M12,"BENAR","N") -> BENAR | AJ12: =IF(((N12/G12)*100)=O12,"BENAR","N") -> BENAR | AK12: =IF(((P12/G12)*100)=Q12,"BENAR","N") -> BENAR | AL12: =IF(((R12/G12)*100)=S12,"BENAR","N") -> BENAR | AM12: =IF(((T12/G12)*100)=U12,"BENAR","N") -> BENAR | AN12: =IF(((V12/G12)*100)=W12,"BENAR","N") -> BENAR | AO12: =IF(((X12/G12)*100)=Y12,"BENAR","N") -> BENAR | AP12: =IF(((Z12/G12)*100)=AA12,"BENAR","N") -> BENAR | AQ12: =IF(((AB12/G12)*100)=AC12,"BENAR","N") -> BENAR | AR12: =IF(((AD12/G12)*100)=AE12,"BENAR","N") -> BENAR
A13: 2 | B13: BEKASI | C13: JBBKA | D13: 4 | E13: 60 | F13: 150/20 | G13: 1732 | H13: 1406.3464 | I13: 81.197831 | J13: 1299.5525 | K13: 75.031901 | L13: 1569.4884 | M13: 90.617111 | N13: 1328.7955 | O13: 76.720294 | P13: 1721.2391 | Q13: 99.378701 | R13: 1465.8503 | S13: 84.633389 | T13: 1720.547 | U13: 99.338744 | V13: 1551.6724 | W13: 89.588474 | X13: 1436.2874 | Y13: 82.926522 | Z13: 1314.3207 | AA13: 75.884568 | AB13: 1436.2874 | AC13: 82.926522 | AD13: 1314.3207 | AE13: 75.884568 | AF13: Beban manuver | AG13: Beban manuver | AH13: =IF(((J13/G13)*100)=K13,"BENAR","N") -> BENAR | AI13: =IF(((L13/G13)*100)=M13,"BENAR","N") -> BENAR | AJ13: =IF(((N13/G13)*100)=O13,"BENAR","N") -> BENAR | AK13: =IF(((P13/G13)*100)=Q13,"BENAR","N") -> BENAR | AL13: =IF(((R13/G13)*100)=S13,"BENAR","N") -> BENAR | AM13: =IF(((T13/G13)*100)=U13,"BENAR","N") -> BENAR | AN13: =IF(((V13/G13)*100)=W13,"BENAR","N") -> BENAR | AO13: =IF(((X13/G13)*100)=Y13,"BENAR","N") -> BENAR | AP13: =IF(((Z13/G13)*100)=AA13,"BENAR","N") -> BENAR | AQ13: =IF(((AB13/G13)*100)=AC13,"BENAR","N") -> BENAR | AR13: =IF(((AD13/G13)*100)=AE13,"BENAR","N") -> BENAR
A14: 3 | B14: BEKASI | C14: PCBRU | D14: 1 | E14: 60 | F14: 150/20 | G14: 1732 | H14: 1556.9601 | I14: 89.893769 | J14: 1425.7389 | K14: 82.317488 | L14: 1585 | M14: 91.512702 | N14: 1445 | O14: 83.429561 | P14: 1538.5559 | Q14: 88.831173 | R14: 1403.1688 | S14: 81.014364 | T14: 1465.4957 | U14: 84.612917 | V14: 1412.2811 | W14: 81.540478 | X14: 1568.1989 | Y14: 90.542661 | Z14: 1440.3797 | AA14: 83.162799 | AB14: 1568.1989 | AC14: 90.542661 | AD14: 1440.3797 | AE14: 83.162799 | AF14: Beban manuver | AG14: Beban manuver | AH14: =IF(((J14/G14)*100)=K14,"BENAR","N") -> BENAR | AI14: =IF(((L14/G14)*100)=M14,"BENAR","N") -> BENAR | AJ14: =IF(((N14/G14)*100)=O14,"BENAR","N") -> BENAR | AK14: =IF(((P14/G14)*100)=Q14,"BENAR","N") -> BENAR | AL14: =IF(((R14/G14)*100)=S14,"BENAR","N") -> BENAR | AM14: =IF(((T14/G14)*100)=U14,"BENAR","N") -> BENAR | AN14: =IF(((V14/G14)*100)=W14,"BENAR","N") -> BENAR | AO14: =IF(((X14/G14)*100)=Y14,"BENAR","N") -> BENAR | AP14: =IF(((Z14/G14)*100)=AA14,"BENAR","N") -> BENAR | AQ14: =IF(((AB14/G14)*100)=AC14,"BENAR","N") -> BENAR | AR14: =IF(((AD14/G14)*100)=AE14,"BENAR","N") -> BENAR
A15: 4 | B15: BEKASI | C15: TMBUN | D15: 2 | E15: 60 | F15: 150/20 | G15: 1732 | H15: 1482.1297 | I15: 85.573309 | J15: 1491.6138 | K15: 86.120887 | L15: 1315.939 | M15: 75.978003 | N15: 1295.8234 | O15: 74.816591 | P15: 1355.912 | Q15: 78.285914 | R15: 1278.9802 | S15: 73.844121 | T15: 1404.0531 | U15: 81.065424 | V15: 1314.5609 | W15: 75.898436 | X15: 1447.7187 | Y15: 83.586528 | Z15: 1379.9654 | AA15: 79.674677 | AB15: 1447.7187 | AC15: 83.586528 | AD15: 1379.9654 | AE15: 79.674677 | AF15: Beban manuver | AG15: Beban manuver | AH15: =IF(((J15/G15)*100)=K15,"BENAR","N") -> BENAR | AI15: =IF(((L15/G15)*100)=M15,"BENAR","N") -> BENAR | AJ15: =IF(((N15/G15)*100)=O15,"BENAR","N") -> BENAR | AK15: =IF(((P15/G15)*100)=Q15,"BENAR","N") -> BENAR | AL15: =IF(((R15/G15)*100)=S15,"BENAR","N") -> BENAR | AM15: =IF(((T15/G15)*100)=U15,"BENAR","N") -> BENAR | AN15: =IF(((V15/G15)*100)=W15,"BENAR","N") -> BENAR | AO15: =IF(((X15/G15)*100)=Y15,"BENAR","N") -> BENAR | AP15: =IF(((Z15/G15)*100)=AA15,"BENAR","N") -> BENAR | AQ15: =IF(((AB15/G15)*100)=AC15,"BENAR","N") -> BENAR | AR15: =IF(((AD15/G15)*100)=AE15,"BENAR","N") -> BENAR
A16: 5 | B16: BEKASI | C16: TMBUN | D16: 3 | E16: 60 | F16: 150/20 | G16: 1732 | H16: 1455.088 | I16: 84.012008 | J16: 1513.4504 | K16: 87.381663 | L16: 1411.8738 | M16: 81.516964 | N16: 1456.2852 | O16: 84.081134 | P16: 1519.1082 | Q16: 87.708325 | R16: 1583.1499 | S16: 91.405881 | T16: 1424.7709 | U16: 82.2616 | V16: 1349.5282 | W16: 77.91733 | X16: 1405.2771 | Y16: 81.136089 | Z16: 1381.557 | AA16: 79.766573 | AB16: 1405.2771 | AC16: 81.136089 | AD16: 1381.557 | AE16: 79.766573 | AF16: Beban manuver | AG16: Beban manuver | AH16: =IF(((J16/G16)*100)=K16,"BENAR","N") -> BENAR | AI16: =IF(((L16/G16)*100)=M16,"BENAR","N") -> BENAR | AJ16: =IF(((N16/G16)*100)=O16,"BENAR","N") -> BENAR | AK16: =IF(((P16/G16)*100)=Q16,"BENAR","N") -> BENAR | AL16: =IF(((R16/G16)*100)=S16,"BENAR","N") -> BENAR | AM16: =IF(((T16/G16)*100)=U16,"BENAR","N") -> BENAR | AN16: =IF(((V16/G16)*100)=W16,"BENAR","N") -> BENAR | AO16: =IF(((X16/G16)*100)=Y16,"BENAR","N") -> BENAR | AP16: =IF(((Z16/G16)*100)=AA16,"BENAR","N") -> BENAR | AQ16: =IF(((AB16/G16)*100)=AC16,"BENAR","N") -> BENAR | AR16: =IF(((AD16/G16)*100)=AE16,"BENAR","N") -> BENAR
A17: 6 | B17: BEKASI | C17: TMBUN | D17: 5 | E17: 60 | F17: 150/20 | G17: 1732 | H17: 1423.9753 | I17: 82.215664 | J17: 1406.7098 | K17: 81.218808 | L17: 1556.5769 | M17: 89.871646 | N17: 1417.6244 | O17: 81.848983 | P17: 1387.3399 | Q17: 80.100458 | R17: 1416.4189 | S17: 81.779382 | T17: 1500.0954 | U17: 86.610588 | V17: 1444.9241 | W17: 83.42518 | X17: 1408.4894 | Y17: 81.32156 | Z17: 1414.1236 | AA17: 81.64686 | AB17: 1408.4894 | AC17: 81.32156 | AD17: 1414.1236 | AE17: 81.64686 | AF17: Beban manuver | AG17: Beban manuver | AH17: =IF(((J17/G17)*100)=K17,"BENAR","N") -> BENAR | AI17: =IF(((L17/G17)*100)=M17,"BENAR","N") -> BENAR | AJ17: =IF(((N17/G17)*100)=O17,"BENAR","N") -> BENAR | AK17: =IF(((P17/G17)*100)=Q17,"BENAR","N") -> BENAR | AL17: =IF(((R17/G17)*100)=S17,"BENAR","N") -> BENAR | AM17: =IF(((T17/G17)*100)=U17,"BENAR","N") -> BENAR | AN17: =IF(((V17/G17)*100)=W17,"BENAR","N") -> BENAR | AO17: =IF(((X17/G17)*100)=Y17,"BENAR","N") -> BENAR | AP17: =IF(((Z17/G17)*100)=AA17,"BENAR","N") -> BENAR | AQ17: =IF(((AB17/G17)*100)=AC17,"BENAR","N") -> BENAR | AR17: =IF(((AD17/G17)*100)=AE17,"BENAR","N") -> BENAR
A18: 7 | B18: BOGOR | C18: BGBRU | D18: 6 | E18: 60 | F18: 150/20 | G18: 1732 | H18: 1560.6771 | I18: 90.108379 | J18: 1433.075 | K18: 82.74105 | L18: 1678.9845 | M18: 96.939059 | N18: 1529.6288 | O18: 88.315752 | P18: 1499.9966 | Q18: 86.604883 | R18: 1402.1853 | S18: 80.957583 | T18: 1578.5192 | U18: 91.13852 | V18: 1483.7288 | W18: 85.665633 | X18: 1575.5321 | Y18: 90.966057 | Z18: 1476.9226 | AA18: 85.272666 | AB18: 1613.3788 | AC18: 93.1512 | AD18: 1498.9071 | AE18: 86.541978 | AF18: Beban manuver | AG18: Beban manuver | AH18: =IF(((J18/G18)*100)=K18,"BENAR","N") -> BENAR | AI18: =IF(((L18/G18)*100)=M18,"BENAR","N") -> BENAR | AJ18: =IF(((N18/G18)*100)=O18,"BENAR","N") -> BENAR | AK18: =IF(((P18/G18)*100)=Q18,"BENAR","N") -> BENAR | AL18: =IF(((R18/G18)*100)=S18,"BENAR","N") -> BENAR | AM18: =IF(((T18/G18)*100)=U18,"BENAR","N") -> BENAR | AN18: =IF(((V18/G18)*100)=W18,"BENAR","N") -> BENAR | AO18: =IF(((X18/G18)*100)=Y18,"BENAR","N") -> BENAR | AP18: =IF(((Z18/G18)*100)=AA18,"BENAR","N") -> BENAR | AQ18: =IF(((AB18/G18)*100)=AC18,"BENAR","N") -> BENAR | AR18: =IF(((AD18/G18)*100)=AE18,"BENAR","N") -> BENAR
A19: 8 | B19: BOGOR | C19: BUNAR | D19: 1 | E19: 30 | F19: 70/20 | G19: 866 | H19: 577 | I19: 66.628176 | J19: 692 | K19: 79.907621 | L19: 728.73104 | M19: 84.149081 | N19: 784.1806 | O19: 90.552033 | P19: 719.18311 | Q19: 83.046548 | R19: 803.89795 | S19: 92.828862 | T19: 655.42843 | U19: 75.684576 | V19: 710.66311 | W19: 82.062714 | X19: 679.34255 | Y19: 78.446022 | Z19: 715.23012 | AA19: 82.590083 | AB19: 684.0567 | AC19: 78.990381 | AD19: 726.61928 | AE19: 83.905229 | AF19: Beban manuver | AG19: Beban manuver | AH19: =IF(((J19/G19)*100)=K19,"BENAR","N") -> BENAR | AI19: =IF(((L19/G19)*100)=M19,"BENAR","N") -> BENAR | AJ19: =IF(((N19/G19)*100)=O19,"BENAR","N") -> BENAR | AK19: =IF(((P19/G19)*100)=Q19,"BENAR","N") -> BENAR | AL19: =IF(((R19/G19)*100)=S19,"BENAR","N") -> BENAR | AM19: =IF(((T19/G19)*100)=U19,"BENAR","N") -> BENAR | AN19: =IF(((V19/G19)*100)=W19,"BENAR","N") -> BENAR | AO19: =IF(((X19/G19)*100)=Y19,"BENAR","N") -> BENAR | AP19: =IF(((Z19/G19)*100)=AA19,"BENAR","N") -> BENAR | AQ19: =IF(((AB19/G19)*100)=AC19,"BENAR","N") -> BENAR | AR19: =IF(((AD19/G19)*100)=AE19,"BENAR","N") -> BENAR
A20: 9 | B20: BOGOR | C20: BUNAR | D20: 2 | E20: 30 | F20: 70/20 | G20: 866 | H20: 595 | I20: 68.706697 | J20: 484 | K20: 55.889145 | L20: 729.83754 | M20: 84.276853 | N20: 676.50189 | O20: 78.118001 | P20: 818.06809 | Q20: 94.465138 | R20: 727.32865 | S20: 83.987142 | T20: 751.0009 | U20: 86.720658 | V20: 687.52299 | W20: 79.390645 | X20: 771.16089 | Y20: 89.048601 | Z20: 683.44885 | AA20: 78.920191 | AB20: 585.4257 | AC20: 67.60112 | AD20: 574.04248 | AE20: 66.286661 | AF20: Beban manuver | AG20: Beban manuver | AH20: =IF(((J20/G20)*100)=K20,"BENAR","N") -> BENAR | AI20: =IF(((L20/G20)*100)=M20,"BENAR","N") -> BENAR | AJ20: =IF(((N20/G20)*100)=O20,"BENAR","N") -> BENAR | AK20: =IF(((P20/G20)*100)=Q20,"BENAR","N") -> BENAR | AL20: =IF(((R20/G20)*100)=S20,"BENAR","N") -> BENAR | AM20: =IF(((T20/G20)*100)=U20,"BENAR","N") -> BENAR | AN20: =IF(((V20/G20)*100)=W20,"BENAR","N") -> BENAR | AO20: =IF(((X20/G20)*100)=Y20,"BENAR","N") -> BENAR | AP20: =IF(((Z20/G20)*100)=AA20,"BENAR","N") -> BENAR | AQ20: =IF(((AB20/G20)*100)=AC20,"BENAR","N") -> BENAR | AR20: =IF(((AD20/G20)*100)=AE20,"BENAR","N") -> BENAR
A21: 10 | B21: BOGOR | C21: KRCAK | D21: 1 | E21: 10 | F21: 70/20 | G21: 288 | H21: 221.9187 | I21: 77.055105 | J21: 248.85567 | K21: 86.40822 | L21: 221.9187 | M21: 77.055105 | N21: 248.85567 | O21: 86.40822 | P21: 221.9187 | Q21: 77.055105 | R21: 248.85567 | S21: 86.40822 | T21: 247.31227 | U21: 85.872316 | V21: 260.14308 | W21: 90.327457 | X21: 224.62722 | Y21: 77.995563 | Z21: 253.65722 | AA21: 88.075422 | AB21: 224.62722 | AC21: 77.995563 | AD21: 253.65722 | AE21: 88.075422 | AF21: Beban manuver | AG21: Beban manuver | AH21: =IF(((J21/G21)*100)=K21,"BENAR","N") -> BENAR | AI21: =IF(((L21/G21)*100)=M21,"BENAR","N") -> BENAR | AJ21: =IF(((N21/G21)*100)=O21,"BENAR","N") -> BENAR | AK21: =IF(((P21/G21)*100)=Q21,"BENAR","N") -> BENAR | AL21: =IF(((R21/G21)*100)=S21,"BENAR","N") -> BENAR | AM21: =IF(((T21/G21)*100)=U21,"BENAR","N") -> BENAR | AN21: =IF(((V21/G21)*100)=W21,"BENAR","N") -> BENAR | AO21: =IF(((X21/G21)*100)=Y21,"BENAR","N") -> BENAR | AP21: =IF(((Z21/G21)*100)=AA21,"BENAR","N") -> BENAR | AQ21: =IF(((AB21/G21)*100)=AC21,"BENAR","N") -> BENAR | AR21: =IF(((AD21/G21)*100)=AE21,"BENAR","N") -> BENAR
A22: 11 | B22: CIKARANG | C22: CBATU | D22: 2 | E22: 60 | F22: 150/20 | G22: 1732 | H22: 1417.8997 | I22: 81.864876 | J22: 1398.6997 | K22: 80.756336 | L22: 1398.3717 | M22: 80.737394 | N22: 1387.4143 | O22: 80.104752 | P22: 1379.0015 | Q22: 79.619022 | R22: 1409.3024 | S22: 81.368502 | T22: 1394.313 | U22: 80.503062 | V22: 1386.5118 | W22: 80.052642 | X22: 1454.0412 | Y22: 83.951569 | Z22: 1443.4328 | AA22: 83.339077 | AB22: 1460.3447 | AC22: 84.315513 | AD22: 1466.1169 | AE22: 84.64878 | AF22: Beban manuver | AG22: Beban manuver | AH22: =IF(((J22/G22)*100)=K22,"BENAR","N") -> BENAR | AI22: =IF(((L22/G22)*100)=M22,"BENAR","N") -> BENAR | AJ22: =IF(((N22/G22)*100)=O22,"BENAR","N") -> BENAR | AK22: =IF(((P22/G22)*100)=Q22,"BENAR","N") -> BENAR | AL22: =IF(((R22/G22)*100)=S22,"BENAR","N") -> BENAR | AM22: =IF(((T22/G22)*100)=U22,"BENAR","N") -> BENAR | AN22: =IF(((V22/G22)*100)=W22,"BENAR","N") -> BENAR | AO22: =IF(((X22/G22)*100)=Y22,"BENAR","N") -> BENAR | AP22: =IF(((Z22/G22)*100)=AA22,"BENAR","N") -> BENAR | AQ22: =IF(((AB22/G22)*100)=AC22,"BENAR","N") -> BENAR | AR22: =IF(((AD22/G22)*100)=AE22,"BENAR","N") -> BENAR
A23: 12 | B23: CIKARANG | C23: GDMKR | D23: 2 | E23: 60 | F23: 150/20 | G23: 1732 | H23: 1626.8203 | I23: 93.92727 | J23: 1451.8182 | K23: 83.823224 | L23: 1560 | M23: 90.069284 | N23: 1450 | O23: 83.718245 | P23: 1560.7185 | Q23: 90.110771 | R23: 1439.4908 | S23: 83.111478 | T23: 1614.0165 | U23: 93.188018 | V23: 1461.4202 | W23: 84.377608 | X23: 1564.3778 | Y23: 90.322047 | Z23: 1429.3363 | AA23: 82.525188 | AB23: 1564.3778 | AC23: 90.322047 | AD23: 1429.3363 | AE23: 82.525188 | AF23: Beban manuver | AG23: Beban manuver | AH23: =IF(((J23/G23)*100)=K23,"BENAR","N") -> BENAR | AI23: =IF(((L23/G23)*100)=M23,"BENAR","N") -> BENAR | AJ23: =IF(((N23/G23)*100)=O23,"BENAR","N") -> BENAR | AK23: =IF(((P23/G23)*100)=Q23,"BENAR","N") -> BENAR | AL23: =IF(((R23/G23)*100)=S23,"BENAR","N") -> BENAR | AM23: =IF(((T23/G23)*100)=U23,"BENAR","N") -> BENAR | AN23: =IF(((V23/G23)*100)=W23,"BENAR","N") -> BENAR | AO23: =IF(((X23/G23)*100)=Y23,"BENAR","N") -> BENAR | AP23: =IF(((Z23/G23)*100)=AA23,"BENAR","N") -> BENAR | AQ23: =IF(((AB23/G23)*100)=AC23,"BENAR","N") -> BENAR | AR23: =IF(((AD23/G23)*100)=AE23,"BENAR","N") -> BENAR
... A51: 40 | B51: TASIKMALAYA | C51: MLBNG | D51: 3 | E51: 20 | F51: 70/20 | G51: 577 | H51: 505.72445 | I51: 87.647218 | J51: 563.6109 | K51: 97.679532 | L51: 630 | M51: 109.18544 | N51: 530 | O51: 91.854419 | P51: 472.47636 | Q51: 81.884984 | R51: 515.89618 | S51: 89.410083 | T51: 449.35888 | U51: 77.878488 | V51: 476.55032 | W51: 82.591044 | X51: 461.38427 | Y51: 79.962611 | Z51: 522.75462 | AA51: 90.598721 | AB51: 461.38427 | AC51: 79.962611 | AD51: 522.75462 | AE51: 90.598721 | AF51: Beban manuver | AG51: Beban manuver | AH51: =IF(((J51/G51)*100)=K51,"BENAR","N") -> BENAR | AI51: =IF(((L51/G51)*100)=M51,"BENAR","N") -> BENAR | AJ51: =IF(((N51/G51)*100)=O51,"BENAR","N") -> BENAR | AK51: =IF(((P51/G51)*100)=Q51,"BENAR","N") -> BENAR | AL51: =IF(((R51/G51)*100)=S51,"BENAR","N") -> BENAR | AM51: =IF(((T51/G51)*100)=U51,"BENAR","N") -> BENAR | AN51: =IF(((V51/G51)*100)=W51,"BENAR","N") -> BENAR | AO51: =IF(((X51/G51)*100)=Y51,"BENAR","N") -> BENAR | AP51: =IF(((Z51/G51)*100)=AA51,"BENAR","N") -> BENAR | AQ51: =IF(((AB51/G51)*100)=AC51,"BENAR","N") -> BENAR | AR51: =IF(((AD51/G51)*100)=AE51,"BENAR","N") -> BENAR

Sheet PERMANEN TRF(3a)
A1: LAMPIRAN XI.3 a
A2: BEBAN TERTINGGI TRAFO GI PERMANEN 3 BULAN TERAKHIR
A3: FEBRUARI 2022 - APRIL 2022
A5: N0 | B5: UP3 | C5: GI | D5: TRF | E5: DAYA | F5: TGN | G5: I NOM | H5: Februari | L5: Maret | P5: April | T5: Keterangan
H6: Siang | J6: Malam | L6: Siang | N6: Malam | P6: Siang | R6: Malam | Y6: S | Z6: M | AA6: S | AB6: M | AC6: S | AD6: M
F7: (kV) | H7: A | I7: % | J7: A | K7: % | L7: A | M7: % | N7: A | O7: % | P7: A | Q7: % | R7: A | S7: %
A8: BEBAN TRAFO 0 < 80% | U8: SIANG | V8: MLM | W8: MAX | Y8: 1 | AA8: 2 | AC8: 3
A9: 1 | B9: BANDUNG | C9: BDUTR | D9: 1 | E9: 60 | F9: 150/20 | G9: 1732 | H9: 978.6369 | I9: 56.503285 | J9: 903.77197 | K9: 52.18083 | L9: 940.24701 | M9: 54.286779 | N9: 918.45599 | O9: 53.028637 | P9: 912.7584 | Q9: 52.699677 | R9: 901.65454 | S9: 52.058576 | T9: Beban Manuver | U9: =AVERAGE(I9,M9,Q9) -> 54.49658 | V9: =AVERAGE(K9,O9,S9) -> 52.422681 | W9: =MAX(U9:V9) -> 54.49658 | Y9: =IF(((H9/G9)*100)=I9,"BENAR","N") -> BENAR | Z9: =IF(((J9/G9)*100)=K9,"BENAR","N") -> BENAR | AA9: =IF(((L9/G9)*100)=M9,"BENAR","N") -> BENAR | AB9: =IF(((N9/G9)*100)=O9,"BENAR","N") -> BENAR | AC9: =IF(((P9/G9)*100)=Q9,"BENAR","N") -> BENAR | AD9: =IF(((R9/G9)*100)=S9,"BENAR","N") -> BENAR
A10: 2 | B10: BANDUNG | C10: BDUTR | D10: 3 | E10: 60 | F10: 150/20 | G10: 1732 | H10: 1408.0323 | I10: 81.295168 | J10: 818.44067 | K10: 47.25408 | L10: 1012.7539 | M10: 58.473092 | N10: 946.18888 | O10: 54.629843 | P10: 994.90033 | Q10: 57.442282 | R10: 902.21134 | S10: 52.090724 | T10: Beban Manuver | U10: =AVERAGE(I10,M10,Q10) -> 65.736847 | V10: =AVERAGE(K10,O10,S10) -> 51.324883 | W10: =MAX(U10:V10) -> 65.736847 | Y10: =IF(((H10/G10)*100)=I10,"BENAR","N") -> BENAR | Z10: =IF(((J10/G10)*100)=K10,"BENAR","N") -> BENAR | AA10: =IF(((L10/G10)*100)=M10,"BENAR","N") -> BENAR | AB10: =IF(((N10/G10)*100)=O10,"BENAR","N") -> BENAR | AC10: =IF(((P10/G10)*100)=Q10,"BENAR","N") -> BENAR | AD10: =IF(((R10/G10)*100)=S10,"BENAR","N") -> BENAR
A11: 3 | B11: BANDUNG | C11: BDUTR | D11: 4 | E11: 60 | F11: 150/20 | G11: 1732 | H11: 973.58057 | I11: 56.211349 | J11: 982.41968 | K11: 56.72169 | L11: 1004.1405 | M11: 57.975778 | N11: 1029.752 | O11: 59.454502 | P11: 1058.4292 | Q11: 61.110233 | R11: 1035.1983 | S11: 59.768955 | T11: Beban Manuver | U11: =AVERAGE(I11,M11,Q11) -> 58.432454 | V11: =AVERAGE(K11,O11,S11) -> 58.648382 | W11: =MAX(U11:V11) -> 58.648382 | Y11: =IF(((H11/G11)*100)=I11,"BENAR","N") -> BENAR | Z11: =IF(((J11/G11)*100)=K11,"BENAR","N") -> BENAR | AA11: =IF(((L11/G11)*100)=M11,"BENAR","N") -> BENAR | AB11: =IF(((N11/G11)*100)=O11,"BENAR","N") -> BENAR | AC11: =IF(((P11/G11)*100)=Q11,"BENAR","N") -> BENAR | AD11: =IF(((R11/G11)*100)=S11,"BENAR","N") -> BENAR
A12: 4 | B12: BANDUNG | C12: BDUTR | D12: 5 | E12: 60 | F12: 150/20 | G12: 1732 | H12: 649.9411 | I12: 37.525468 | J12: 620.83506 | K12: 35.844981 | L12: 1540.8444 | M12: 88.963305 | N12: 1612.4522 | O12: 93.097704 | P12: 639.88232 | Q12: 36.944707 | R12: 639.80381 | S12: 36.940174 | T12: Beban Manuver | U12: =AVERAGE(I12,M12,Q12) -> 54.477827 | V12: =AVERAGE(K12,O12,S12) -> 55.294286 | W12: =MAX(U12:V12) -> 55.294286 | Y12: =IF(((H12/G12)*100)=I12,"BENAR","N") -> BENAR | Z12: =IF(((J12/G12)*100)=K12,"BENAR","N") -> BENAR | AA12: =IF(((L12/G12)*100)=M12,"BENAR","N") -> BENAR | AB12: =IF(((N12/G12)*100)=O12,"BENAR","N") -> BENAR | AC12: =IF(((P12/G12)*100)=Q12,"BENAR","N") -> BENAR | AD12: =IF(((R12/G12)*100)=S12,"BENAR","N") -> BENAR
A13: 5 | B13: BANDUNG | C13: BDTMR | D13: 1 | E13: 60 | F13: 150/20 | G13: 0 | H13: 0 | I13: 0 | J13: 0 | K13: 0 | L13: 0 | M13: 0 | N13: 0 | O13: 0 | P13: 0 | Q13: 0 | R13: 0 | S13: 0 | T13: Beban Manuver | U13: =AVERAGE(I13,M13,Q13) -> 0 | V13: =AVERAGE(K13,O13,S13) -> 0 | W13: =MAX(U13:V13) -> 0 | Y13: =IF(((H13/G13)*100)=I13,"BENAR","N") -> #DIV/0! | Z13: =IF(((J13/G13)*100)=K13,"BENAR","N") -> #DIV/0! | AA13: =IF(((L13/G13)*100)=M13,"BENAR","N") -> #DIV/0! | AB13: =IF(((N13/G13)*100)=O13,"BENAR","N") -> #DIV/0! | AC13: =IF(((P13/G13)*100)=Q13,"BENAR","N") -> #DIV/0! | AD13: =IF(((R13/G13)*100)=S13,"BENAR","N") -> #DIV/0!
A14: 6 | B14: BANDUNG | C14: BDTMR | D14: 2 | E14: 60 | F14: 150/20 | G14: 0 | H14: 0 | I14: 0 | J14: 0 | K14: 0 | L14: 0 | M14: 0 | N14: 0 | O14: 0 | P14: 0 | Q14: 0 | R14: 0 | S14: 0 | T14: Beban Manuver | U14: =AVERAGE(I14,M14,Q14) -> 0 | V14: =AVERAGE(K14,O14,S14) -> 0 | W14: =MAX(U14:V14) -> 0 | Y14: =IF(((H14/G14)*100)=I14,"BENAR","N") -> #DIV/0! | Z14: =IF(((J14/G14)*100)=K14,"BENAR","N") -> #DIV/0! | AA14: =IF(((L14/G14)*100)=M14,"BENAR","N") -> #DIV/0! | AB14: =IF(((N14/G14)*100)=O14,"BENAR","N") -> #DIV/0! | AC14: =IF(((P14/G14)*100)=Q14,"BENAR","N") -> #DIV/0! | AD14: =IF(((R14/G14)*100)=S14,"BENAR","N") -> #DIV/0!
A15: 7 | B15: BANDUNG | C15: BNKOK | D15: 2 | E15: 10 | F15: 70/20 | G15: 288 | H15: 0 | I15: 0 | J15: 0 | K15: 0 | L15: 0 | M15: 0 | N15: 0 | O15: 0 | P15: 0 | Q15: 0 | R15: 0 | S15: 0 | T15: Beban Manuver | U15: =AVERAGE(I15,M15,Q15) -> 0 | V15: =AVERAGE(K15,O15,S15) -> 0 | W15: =MAX(U15:V15) -> 0 | Y15: =IF(((H15/G15)*100)=I15,"BENAR","N") -> BENAR | Z15: =IF(((J15/G15)*100)=K15,"BENAR","N") -> BENAR | AA15: =IF(((L15/G15)*100)=M15,"BENAR","N") -> BENAR | AB15: =IF(((N15/G15)*100)=O15,"BENAR","N") -> BENAR | AC15: =IF(((P15/G15)*100)=Q15,"BENAR","N") -> BENAR | AD15: =IF(((R15/G15)*100)=S15,"BENAR","N") -> BENAR
A16: 8 | B16: BANDUNG | C16: BRAGA | D16: 1 | E16: 60 | F16: 150/20 | G16: 1732 | H16: 823.16193 | I16: 47.52667 | J16: 610.53355 | K16: 35.250205 | L16: 885.05304 | M16: 51.10006 | N16: 765.18986 | O16: 44.179553 | P16: 812.4351 | Q16: 46.907338 | R16: 728.23848 | S16: 42.046102 | T16: Beban Manuver | U16: =AVERAGE(I16,M16,Q16) -> 48.511356 | V16: =AVERAGE(K16,O16,S16) -> 40.491953 | W16: =MAX(U16:V16) -> 48.511356 | Y16: =IF(((H16/G16)*100)=I16,"BENAR","N") -> BENAR | Z16: =IF(((J16/G16)*100)=K16,"BENAR","N") -> BENAR | AA16: =IF(((L16/G16)*100)=M16,"BENAR","N") -> BENAR | AB16: =IF(((N16/G16)*100)=O16,"BENAR","N") -> BENAR | AC16: =IF(((P16/G16)*100)=Q16,"BENAR","N") -> BENAR | AD16: =IF(((R16/G16)*100)=S16,"BENAR","N") -> BENAR
A17: 9 | B17: BANDUNG | C17: BRAGA | D17: 2 | E17: 60 | F17: 150/20 | G17: 1732 | H17: 509.57115 | I17: 29.420967 | J17: 400.47193 | K17: 23.121936 | L17: 651.1535 | M17: 37.595468 | N17: 544.75163 | O17: 31.452172 | P17: 708.46141 | Q17: 40.904238 | R17: 507.56437 | S17: 29.305102 | T17: Beban Manuver | U17: =AVERAGE(I17,M17,Q17) -> 35.973558 | V17: =AVERAGE(K17,O17,S17) -> 27.959737 | W17: =MAX(U17:V17) -> 35.973558 | Y17: =IF(((H17/G17)*100)=I17,"BENAR","N") -> BENAR | Z17: =IF(((J17/G17)*100)=K17,"BENAR","N") -> BENAR | AA17: =IF(((L17/G17)*100)=M17,"BENAR","N") -> BENAR | AB17: =IF(((N17/G17)*100)=O17,"BENAR","N") -> BENAR | AC17: =IF(((P17/G17)*100)=Q17,"BENAR","N") -> BENAR | AD17: =IF(((R17/G17)*100)=S17,"BENAR","N") -> BENAR
A18: 10 | B18: BANDUNG | C18: CGRLG | D18: 6 | E18: 60 | F18: 150/20 | G18: 1732 | H18: 1273.4569 | I18: 73.525223 | J18: 1117.545 | K18: 64.523386 | L18: 1304.6246 | M18: 75.324748 | N18: 1117.9919 | O18: 64.549184 | P18: 1258.2502 | Q18: 72.647238 | R18: 966.75647 | S18: 55.817348 | T18: Beban Manuver | U18: =AVERAGE(I18,M18,Q18) -> 73.832403 | V18: =AVERAGE(K18,O18,S18) -> 61.629973 | W18: =MAX(U18:V18) -> 73.832403 | Y18: =IF(((H18/G18)*100)=I18,"BENAR","N") -> BENAR | Z18: =IF(((J18/G18)*100)=K18,"BENAR","N") -> BENAR | AA18: =IF(((L18/G18)*100)=M18,"BENAR","N") -> BENAR | AB18: =IF(((N18/G18)*100)=O18,"BENAR","N") -> BENAR | AC18: =IF(((P18/G18)*100)=Q18,"BENAR","N") -> BENAR | AD18: =IF(((R18/G18)*100)=S18,"BENAR","N") -> BENAR
A19: 11 | B19: BANDUNG | C19: CGRLG | D19: 7 | E19: 60 | F19: 150/20 | G19: 1732 | H19: 1134.1521 | I19: 65.48222 | J19: 1097.5339 | K19: 63.368005 | L19: 1250.0779 | M19: 72.175397 | N19: 1176.8232 | O19: 67.945915 | P19: 1121.0155 | Q19: 64.723761 | R19: 999.22225 | S19: 57.691816 | T19: Beban Manuver | U19: =AVERAGE(I19,M19,Q19) -> 67.46046 | V19: =AVERAGE(K19,O19,S19) -> 63.001912 | W19: =MAX(U19:V19) -> 67.46046 | Y19: =IF(((H19/G19)*100)=I19,"BENAR","N") -> BENAR | Z19: =IF(((J19/G19)*100)=K19,"BENAR","N") -> BENAR | AA19: =IF(((L19/G19)*100)=M19,"BENAR","N") -> BENAR | AB19: =IF(((N19/G19)*100)=O19,"BENAR","N") -> BENAR | AC19: =IF(((P19/G19)*100)=Q19,"BENAR","N") -> BENAR | AD19: =IF(((R19/G19)*100)=S19,"BENAR","N") -> BENAR
A20: 12 | B20: BANDUNG | C20: CGRLG | D20: 9 | E20: 60 | F20: 150/20 | G20: 1732 | H20: 1144.07 | I20: 66.054849 | J20: 1083.1289 | K20: 62.536309 | L20: 1262.5024 | M20: 72.892751 | N20: 1075.5236 | O20: 62.097208 | P20: 1082.4044 | Q20: 62.494481 | R20: 1001.9842 | S20: 57.85128 | T20: Beban Manuver | U20: =AVERAGE(I20,M20,Q20) -> 67.14736 | V20: =AVERAGE(K20,O20,S20) -> 60.828266 | W20: =MAX(U20:V20) -> 67.14736 | Y20: =IF(((H20/G20)*100)=I20,"BENAR","N") -> BENAR | Z20: =IF(((J20/G20)*100)=K20,"BENAR","N") -> BENAR | AA20: =IF(((L20/G20)*100)=M20,"BENAR","N") -> BENAR | AB20: =IF(((N20/G20)*100)=O20,"BENAR","N") -> BENAR | AC20: =IF(((P20/G20)*100)=Q20,"BENAR","N") -> BENAR | AD20: =IF(((R20/G20)*100)=S20,"BENAR","N") -> BENAR
... A93: 96 | B93: CIMAHI | C93: CBBRU | D93: 1 | E93: 60 | F93: 150/20 | G93: 1732 | H93: 1143.4885 | I93: 66.021275 | J93: 1053.2877 | K93: 60.813379 | L93: 1149.7938 | M93: 66.385325 | N93: 1064.3322 | O93: 61.451053 | P93: 1127.4696 | Q93: 65.0964 | R93: 1055.0847 | S93: 60.917129 | T93: Beban Manuver | U93: =AVERAGE(I93,M93,Q93) -> 65.834333 | V93: =AVERAGE(K93,O93,S93) -> 61.06052 | W93: =MAX(U93:V93) -> 65.834333 | Y93: =IF(((H93/G93)*100)=I93,"BENAR","N") -> BENAR | Z93: =IF(((J93/G93)*100)=K93,"BENAR","N") -> BENAR | AA93: =IF(((L93/G93)*100)=M93,"BENAR","N") -> BENAR | AB93: =IF(((N93/G93)*100)=O93,"BENAR","N") -> BENAR | AC93: =IF(((P93/G93)*100)=Q93,"BENAR","N") -> BENAR | AD93: =IF(((R93/G93)*100)=S93,"BENAR","N") -> BENAR
A94: 97 | B94: CIMAHI | C94: CBBRU | D94: 2 | E94: 60 | F94: 150/20 | G94: 1732 | H94: 1047.9757 | I94: 60.506682 | J94: 918.71263 | K94: 53.043454 | L94: 1056.9429 | M94: 61.024419 | N94: 938.17057 | O94: 54.166892 | P94: 973.76829 | Q94: 56.222188 | R94: 864.43543 | S94: 49.909667 | T94: Beban Manuver | U94: =AVERAGE(I94,M94,Q94) -> 59.251096 | V94: =AVERAGE(K94,O94,S94) -> 52.373338 | W94: =MAX(U94:V94) -> 59.251096 | Y94: =IF(((H94/G94)*100)=I94,"BENAR","N") -> BENAR | Z94: =IF(((J94/G94)*100)=K94,"BENAR","N") -> BENAR | AA94: =IF(((L94/G94)*100)=M94,"BENAR","N") -> BENAR | AB94: =IF(((N94/G94)*100)=O94,"BENAR","N") -> BENAR | AC94: =IF(((P94/G94)*100)=Q94,"BENAR","N") -> BENAR | AD94: =IF(((R94/G94)*100)=S94,"BENAR","N") -> BENAR | AE94: 0 | AF94: 0 | AG94: 0 | AH94: 0 | AI94: 0 | AJ94: 0 | AK94: =IF(((H94/G94)*100)=I94,"BENAR","N") -> BENAR | AL94: =IF(((J94/G94)*100)=K94,"BENAR","N") -> BENAR | AM94: =IF(((L94/G94)*100)=M94,"BENAR","N") -> BENAR | AN94: =IF(((N94/G94)*100)=O94,"BENAR","N") -> BENAR | AO94: =IF(((P94/G94)*100)=Q94,"BENAR","N") -> BENAR | AP94: =IF(((R94/G94)*100)=S94,"BENAR","N") -> BENAR | AQ94: =IF(((Y94/G94)*100)=Z94,"BENAR","N") -> #VALUE! | AR94: =IF(((AA94/G94)*100)=AB94,"BENAR","N") -> #VALUE! | AS94: =IF(((AC94/G94)*100)=AD94,"BENAR","N") -> #VALUE! | AT94: =IF(((AE94/G94)*100)=AF94,"BENAR","N") -> BENAR | AU94: =IF(((AG94/G94)*100)=AH94,"BENAR","N") -> BENAR | AV94: =IF(((AI94/G94)*100)=AJ94,"BENAR","N") -> BENAR
A95: 98 | B95: CIMAHI | C95: CBREM | D95: 1 | E95: 60 | F95: 150/20 | G95: 1732 | H95: 1205.9993 | I95: 69.630443 | J95: 1049.7619 | K95: 60.609811 | L95: 1340.4953 | M95: 77.395801 | N95: 1114.8028 | O95: 64.365059 | P95: 1142.5051 | Q95: 65.964499 | R95: 1027.8021 | S95: 59.341924 | T95: Beban Manuver | U95: =AVERAGE(I95,M95,Q95) -> 70.996914 | V95: =AVERAGE(K95,O95,S95) -> 61.438931 | W95: =MAX(U95:V95) -> 70.996914 | Y95: =IF(((H95/G95)*100)=I95,"BENAR","N") -> BENAR | Z95: =IF(((J95/G95)*100)=K95,"BENAR","N") -> BENAR | AA95: =IF(((L95/G95)*100)=M95,"BENAR","N") -> BENAR | AB95: =IF(((N95/G95)*100)=O95,"BENAR","N") -> BENAR | AC95: =IF(((P95/G95)*100)=Q95,"BENAR","N") -> BENAR | AD95: =IF(((R95/G95)*100)=S95,"BENAR","N") -> BENAR
A96: 99 | B96: CIMAHI | C96: CBREM | D96: 2 | E96: 60 | F96: 150/20 | G96: 1732 | H96: 1545.6982 | I96: 89.243543 | J96: 1281.5888 | K96: 73.994736 | L96: 1382.7313 | M96: 79.83437 | N96: 1221.1114 | O96: 70.502968 | P96: 1323.7981 | Q96: 76.431758 | R96: 1210.4497 | S96: 69.887399 | T96: Beban Manuver | U96: =AVERAGE(I96,M96,Q96) -> 81.836557 | V96: =AVERAGE(K96,O96,S96) -> 71.461701 | W96: =MAX(U96:V96) -> 81.836557 | Y96: =IF(((H96/G96)*100)=I96,"BENAR","N") -> BENAR | Z96: =IF(((J96/G96)*100)=K96,"BENAR","N") -> BENAR | AA96: =IF(((L96/G96)*100)=M96,"BENAR","N") -> BENAR | AB96: =IF(((N96/G96)*100)=O96,"BENAR","N") -> BENAR | AC96: =IF(((P96/G96)*100)=Q96,"BENAR","N") -> BENAR | AD96: =IF(((R96/G96)*100)=S96,"BENAR","N") -> BENAR
A97: 100 | B97: CIMAHI | C97: CBREM | D97: 3 | E97: 60 | F97: 150/20 | G97: 1732 | H97: 515.52462 | I97: 29.764701 | J97: 454.89691 | K97: 26.264256 | L97: 504.87982 | M97: 29.150105 | N97: 462.22464 | O97: 26.687335 | P97: 609.16779 | Q97: 35.17135 | R97: 547.98545 | S97: 31.638883 | T97: Beban Manuver | U97: =AVERAGE(I97,M97,Q97) -> 31.362052 | V97: =AVERAGE(K97,O97,S97) -> 28.196825 | W97: =MAX(U97:V97) -> 31.362052 | Y97: =IF(((H97/G97)*100)=I97,"BENAR","N") -> BENAR | Z97: =IF(((J97/G97)*100)=K97,"BENAR","N") -> BENAR | AA97: =IF(((L97/G97)*100)=M97,"BENAR","N") -> BENAR | AB97: =IF(((N97/G97)*100)=O97,"BENAR","N") -> BENAR | AC97: =IF(((P97/G97)*100)=Q97,"BENAR","N") -> BENAR | AD97: =IF(((R97/G97)*100)=S97,"BENAR","N") -> BENAR
A98: 101 | B98: CIMAHI | C98: LGDAR | D98: 1 | E98: 60 | F98: 150/20 | G98: 1732 | H98: 591.70496 | I98: 34.163104 | J98: 487.45507 | K98: 28.144057 | L98: 434.60883 | M98: 25.092888 | N98: 451.1521 | O98: 26.048043 | P98: 430.52706 | Q98: 24.85722 | R98: 451.1521 | S98: 26.048043 | T98: Beban Manuver | U98: =AVERAGE(I98,M98,Q98) -> 28.037738 | V98: =AVERAGE(K98,O98,S98) -> 26.746714 | W98: =MAX(U98:V98) -> 28.037738 | Y98: =IF(((H98/G98)*100)=I98,"BENAR","N") -> BENAR | Z98: =IF(((J98/G98)*100)=K98,"BENAR","N") -> BENAR | AA98: =IF(((L98/G98)*100)=M98,"BENAR","N") -> BENAR | AB98: =IF(((N98/G98)*100)=O98,"BENAR","N") -> BENAR | AC98: =IF(((P98/G98)*100)=Q98,"BENAR","N") -> BENAR | AD98: =IF(((R98/G98)*100)=S98,"BENAR","N") -> BENAR
A99: 102 | B99: CIMAHI | C99: LGDAR | D99: 2 | E99: 60 | F99: 150/20 | G99: 1732 | H99: 685.8442 | I99: 39.598395 | J99: 637.60455 | K99: 36.813196 | L99: 831.36896 | M99: 48.000517 | N99: 712.9329 | O99: 41.162408 | P99: 831.36896 | Q99: 48.000517 | R99: 712.9329 | S99: 41.162408 | T99: Beban Manuver | U99: =AVERAGE(I99,M99,Q99) -> 45.19981 | V99: =AVERAGE(K99,O99,S99) -> 39.71267 | W99: =MAX(U99:V99) -> 45.19981 | Y99: =IF(((H99/G99)*100)=I99,"BENAR","N") -> BENAR | Z99: =IF(((J99/G99)*100)=K99,"BENAR","N") -> BENAR | AA99: =IF(((L99/G99)*100)=M99,"BENAR","N") -> BENAR | AB99: =IF(((N99/G99)*100)=O99,"BENAR","N") -> BENAR | AC99: =IF(((P99/G99)*100)=Q99,"BENAR","N") -> BENAR | AD99: =IF(((R99/G99)*100)=S99,"BENAR","N") -> BENAR
A100: 103 | B100: CIMAHI | C100: LGDAR | D100: 3 | E100: 60 | F100: 150/20 | G100: 1732 | H100: 896.79665 | I100: 51.778098 | J100: 704.51168 | K100: 40.676194 | L100: 800.84975 | M100: 46.238438 | N100: 692.51973 | O100: 39.983818 | P100: 800.84975 | Q100: 46.238438 | R100: 692.51973 | S100: 39.983818 | T100: Beban Manuver | U100: =AVERAGE(I100,M100,Q100) -> 48.084991 | V100: =AVERAGE(K100,O100,S100) -> 40.21461 | W100: =MAX(U100:V100) -> 48.084991 | Y100: =IF(((H100/G100)*100)=I100,"BENAR","N") -> BENAR | Z100: =IF(((J100/G100)*100)=K100,"BENAR","N") -> BENAR | AA100: =IF(((L100/G100)*100)=M100,"BENAR","N") -> BENAR | AB100: =IF(((N100/G100)*100)=O100,"BENAR","N") -> BENAR | AC100: =IF(((P100/G100)*100)=Q100,"BENAR","N") -> BENAR | AD100: =IF(((R100/G100)*100)=S100,"BENAR","N") -> BENAR
A101: 104 | B101: CIMAHI | C101: LGDAR | D101: 4 | E101: 60 | F101: 150/21 | G101: 1732 | H101: 1329.2729 | I101: 76.747856 | J101: 690.53011 | K101: 39.868944 | L101: 734.2192 | M101: 42.391409 | N101: 660.75598 | O101: 38.149883 | P101: 734.2192 | Q101: 42.391409 | R101: 660.75598 | S101: 38.149883 | T101: Beban Manuver | U101: =AVERAGE(I101,M101,Q101) -> 53.843558 | V101: =AVERAGE(K101,O101,S101) -> 38.722904 | W101: =MAX(U101:V101) -> 53.843558 | Y101: =IF(((H101/G101)*100)=I101,"BENAR","N") -> BENAR | Z101: =IF(((J101/G101)*100)=K101,"BENAR","N") -> BENAR | AA101: =IF(((L101/G101)*100)=M101,"BENAR","N") -> BENAR | AB101: =IF(((N101/G101)*100)=O101,"BENAR","N") -> BENAR | AC101: =IF(((P101/G101)*100)=Q101,"BENAR","N") -> BENAR | AD101: =IF(((R101/G101)*100)=S101,"BENAR","N") -> BENAR
A102: 105 | B102: CIMAHI | C102: PDLRU | D102: 1 | E102: 30 | F102: 150/20 | G102: 1732 | H102: 912.04801 | I102: 52.658661 | J102: 947.31097 | K102: 54.694629 | L102: 919.46838 | M102: 53.087089 | N102: 1209.9178 | O102: 69.856686 | P102: 919.46838 | Q102: 53.087089 | R102: 1209.9178 | S102: 69.856686 | T102: Beban Manuver | U102: =AVERAGE(I102,M102,Q102) -> 52.94428 | V102: =AVERAGE(K102,O102,S102) -> 64.802667 | W102: =MAX(U102:V102) -> 64.802667 | Y102: =IF(((H102/G102)*100)=I102,"BENAR","N") -> BENAR | Z102: =IF(((J102/G102)*100)=K102,"BENAR","N") -> BENAR | AA102: =IF(((L102/G102)*100)=M102,"BENAR","N") -> BENAR | AB102: =IF(((N102/G102)*100)=O102,"BENAR","N") -> BENAR | AC102: =IF(((P102/G102)*100)=Q102,"BENAR","N") -> BENAR | AD102: =IF(((R102/G102)*100)=S102,"BENAR","N") -> BENAR
A103: 106 | B103: CIMAHI | C103: PDLRU | D103: 2 | E103: 60 | F103: 150/20 | G103: 1732 | H103: 1585.6125 | I103: 91.548064 | J103: 740.42712 | K103: 42.749834 | L103: 941.83356 | M103: 54.378381 | N103: 734.13965 | O103: 42.386816 | P103: 941.83356 | Q103: 54.378381 | R103: 734.13965 | S103: 42.386816 | T103: Beban Manuver | U103: =AVERAGE(I103,M103,Q103) -> 66.768275 | V103: =AVERAGE(K103,O103,S103) -> 42.507822 | W103: =MAX(U103:V103) -> 66.768275 | Y103: =IF(((H103/G103)*100)=I103,"BENAR","N") -> BENAR | Z103: =IF(((J103/G103)*100)=K103,"BENAR","N") -> BENAR | AA103: =IF(((L103/G103)*100)=M103,"BENAR","N") -> BENAR | AB103: =IF(((N103/G103)*100)=O103,"BENAR","N") -> BENAR | AC103: =IF(((P103/G103)*100)=Q103,"BENAR","N") -> BENAR | AD103: =IF(((R103/G103)*100)=S103,"BENAR","N") -> BENAR
A104: 107 | B104: CIMAHI | C104: PDLRU | D104: 3 | E104: 60 | F104: 150/20 | G104: 1732 | H104: 1217.0101 | I104: 70.266174 | J104: 798.56394 | K104: 46.106463 | L104: 765.37327 | M104: 44.190143 | N104: 638.19141 | O104: 36.847079 | P104: 765.37327 | Q104: 44.190143 | R104: 637.51766 | S104: 36.808179 | T104: Beban Manuver | U104: =AVERAGE(I104,M104,Q104) -> 52.882153 | V104: =AVERAGE(K104,O104,S104) -> 39.920574 | W104: =MAX(U104:V104) -> 52.882153 | Y104: =IF(((H104/G104)*100)=I104,"BENAR","N") -> BENAR | Z104: =IF(((J104/G104)*100)=K104,"BENAR","N") -> BENAR | AA104: =IF(((L104/G104)*100)=M104,"BENAR","N") -> BENAR | AB104: =IF(((N104/G104)*100)=O104,"BENAR","N") -> BENAR | AC104: =IF(((P104/G104)*100)=Q104,"BENAR","N") -> BENAR | AD104: =IF(((R104/G104)*100)=S104,"BENAR","N") -> BENAR
A105: 108 | B105: CIREBON | C105: ARJWN | D105: 2 | E105: 30 | F105: 70/20 | G105: 866 | H105: 311.21568 | I105: 35.937145 | J105: 240.48918 | K105: 27.770113 | L105: 295.79903 | M105: 34.156932 | N105: 244.21959 | O105: 28.200876 | P105: 305.57294 | Q105: 35.285559 | R105: 252.4451 | S105: 29.150705 | T105: Beban Manuver | U105: =AVERAGE(I105,M105,Q105) -> 35.126545 | V105: =AVERAGE(K105,O105,S105) -> 28.373898 | W105: =MAX(U105:V105) -> 35.126545 | Y105: =IF(((H105/G105)*100)=I105,"BENAR","N") -> BENAR | Z105: =IF(((J105/G105)*100)=K105,"BENAR","N") -> BENAR | AA105: =IF(((L105/G105)*100)=M105,"BENAR","N") -> BENAR | AB105: =IF(((N105/G105)*100)=O105,"BENAR","N") -> BENAR | AC105: =IF(((P105/G105)*100)=Q105,"BENAR","N") -> BENAR | AD105: =IF(((R105/G105)*100)=S105,"BENAR","N") -> BENAR
A106: 109 | B106: CIREBON | C106: NARJW | D106: 1 | E106: 60 | F106: 150/20 | G106: 1732 | H106: 478.99385 | I106: 27.655534 | J106: 447.9207 | K106: 25.861472 | L106: 416.72638 | M106: 24.060415 | N106: 486.09594 | O106: 28.065585 | P106: 416.72638 | Q106: 24.060415 | R106: 486.09594 | S106: 28.065585 | T106: Beban Manuver | U106: =AVERAGE(I106,M106,Q106) -> 25.258788 | V106: =AVERAGE(K106,O106,S106) -> 27.330881 | W106: =MAX(U106:V106) -> 27.330881 | Y106: =IF(((H106/G106)*100)=I106,"BENAR","N") -> BENAR | Z106: =IF(((J106/G106)*100)=K106,"BENAR","N") -> BENAR | AA106: =IF(((L106/G106)*100)=M106,"BENAR","N") -> BENAR | AB106: =IF(((N106/G106)*100)=O106,"BENAR","N") -> BENAR | AC106: =IF(((P106/G106)*100)=Q106,"BENAR","N") -> BENAR | AD106: =IF(((R106/G106)*100)=S106,"BENAR","N") -> BENAR
... A270: 295 | B270: TASIKMALAYA | C270: TSMYA | D270: 4 | E270: 60 | F270: 150/20 | G270: 1732 | H270: 919.20787 | I270: 53.072048 | J270: 984.21088 | K270: 56.825108 | L270: 913.65108 | M270: 52.751217 | N270: 1021.4672 | O270: 58.976169 | P270: 913.65108 | Q270: 52.751217 | R270: 1021.4672 | S270: 58.976169 | T270: Beban Manuver | U270: =AVERAGE(I270,M270,Q270) -> 52.858161 | V270: =AVERAGE(K270,O270,S270) -> 58.259149 | W270: =MAX(U270:V270) -> 58.259149 | Y270: =IF(((H270/G270)*100)=I270,"BENAR","N") -> BENAR | Z270: =IF(((J270/G270)*100)=K270,"BENAR","N") -> BENAR | AA270: =IF(((L270/G270)*100)=M270,"BENAR","N") -> BENAR | AB270: =IF(((N270/G270)*100)=O270,"BENAR","N") -> BENAR | AC270: =IF(((P270/G270)*100)=Q270,"BENAR","N") -> BENAR | AD270: =IF(((R270/G270)*100)=S270,"BENAR","N") -> BENAR
A271: 296 | B271: TASIKMALAYA | C271: TSMYA | D271: 5 | E271: 60 | F271: 150/20 | G271: 1732 | H271: 1074.1611 | I271: 62.018536 | J271: 1062.9021 | K271: 61.368481 | L271: 1113.7702 | M271: 64.305438 | N271: 1170.2646 | O271: 67.567243 | P271: 1113.7702 | Q271: 64.305438 | R271: 1170.2646 | S271: 67.567243 | T271: Beban Manuver
A272: BEBAN TRAFO 80 - 90%
A273: 1 | B273: BEKASI | C273: JBBKA | D273: 2 | E273: 60 | F273: 150/20 | G273: 1732 | H273: 1473.1637 | I273: 85.055641 | J273: 1282.8755 | K273: 74.069026 | L273: 1404.3032 | M273: 81.07986 | N273: 1203.5715 | O273: 69.490271 | P273: 1404.3032 | Q273: 81.07986 | R273: 1203.5715 | S273: 69.490271 | T273: Beban Manuver | U273: =AVERAGE(I273,M273,Q273) -> 82.40512 | V273: =AVERAGE(K273,O273,S273) -> 71.016523 | W273: =MAX(U273:V273) -> 82.40512 | Y273: =IF(((H273/G273)*100)=I273,"BENAR","N") -> BENAR | Z273: =IF(((J273/G273)*100)=K273,"BENAR","N") -> BENAR | AA273: =IF(((L273/G273)*100)=M273,"BENAR","N") -> BENAR | AB273: =IF(((N273/G273)*100)=O273,"BENAR","N") -> BENAR | AC273: =IF(((P273/G273)*100)=Q273,"BENAR","N") -> BENAR | AD273: =IF(((R273/G273)*100)=S273,"BENAR","N") -> BENAR
A274: 2 | B274: BEKASI | C274: JBBKA | D274: 3 | E274: 60 | F274: 150/20 | G274: 1732 | H274: 1586.6899 | I274: 91.610269 | J274: 1357.1509 | K274: 78.357443 | L274: 1467.9241 | M274: 84.753124 | N274: 317.17751 | O274: 18.312789 | P274: 1443.179 | Q274: 83.324422 | R274: 317.17751 | S274: 18.312789 | T274: Beban Manuver | U274: =AVERAGE(I274,M274,Q274) -> 86.562605 | V274: =AVERAGE(K274,O274,S274) -> 38.327674 | W274: =MAX(U274:V274) -> 86.562605 | Y274: =IF(((H274/G274)*100)=I274,"BENAR","N") -> BENAR | Z274: =IF(((J274/G274)*100)=K274,"BENAR","N") -> BENAR | AA274: =IF(((L274/G274)*100)=M274,"BENAR","N") -> BENAR | AB274: =IF(((N274/G274)*100)=O274,"BENAR","N") -> BENAR | AC274: =IF(((P274/G274)*100)=Q274,"BENAR","N") -> BENAR | AD274: =IF(((R274/G274)*100)=S274,"BENAR","N") -> BENAR
A275: 3 | B275: BEKASI | C275: JBBKA | D275: 4 | E275: 60 | F275: 150/20 | G275: 1732 | H275: 1720.547 | I275: 99.338744 | J275: 1551.6724 | K275: 89.588474 | L275: 1436.2874 | M275: 82.926522 | N275: 1314.3207 | O275: 75.884568 | P275: 1436.2874 | Q275: 82.926522 | R275: 1314.3207 | S275: 75.884568 | T275: Beban Manuver | U275: =AVERAGE(I275,M275,Q275) -> 88.397262 | V275: =AVERAGE(K275,O275,S275) -> 80.452537 | W275: =MAX(U275:V275) -> 88.397262 | Y275: =IF(((H275/G275)*100)=I275,"BENAR","N") -> BENAR | Z275: =IF(((J275/G275)*100)=K275,"BENAR","N") -> BENAR | AA275: =IF(((L275/G275)*100)=M275,"BENAR","N") -> BENAR | AB275: =IF(((N275/G275)*100)=O275,"BENAR","N") -> BENAR | AC275: =IF(((P275/G275)*100)=Q275,"BENAR","N") -> BENAR | AD275: =IF(((R275/G275)*100)=S275,"BENAR","N") -> BENAR
